Государственный регистрационный номер выпуска,Эмитент,Цена (в процентах от номинала) одной ценной бумаги,"Cтоимость одной ценной бумаги,  определенная в порядке,  установленном Банком России (руб.)","Поправочный коэффициент, установленный Банком России",ISIN,Дата погашения*
12840061V,МИНФИН,1122135,"13 723 239,7533",098,XS0767473852,03.04.2042
12840068V,МИНФИН,1040408,"12 723 752,86864",098,XS0971721450,15.09.2023
12840069V,МИНФИН,1165935,"14 258 895,3573",098,XS0971721963,15.09.2043
12840077V,МИНФИН,1030090,"12 597 568,0622",098,RU000A0JWHA4,26.05.2026
12840078V,МИНФИН,1015606,"12 420 434,82548",098,RU000A0JXTS9,22.06.2027
12840079V,МИНФИН,1071760,"13 107 174,6608",098,RU000A0JXU14,21.06.2047
12840080V,МИНФИН,1010274,"12 355 226,70492",098,RU000A0ZYYN4,20.03.2029
12840086V,МИНФИН,1057478,"12 932 511,79924",098,RU000A1006S9,27.03.2035
12978082V,МИНФИН,1010648,"6 450 753,94792",098,RU000A0ZZVE6,03.12.2025
12978087V,МИНФИН,918941,"5 865 407,42539",098,RU000A102CK5,19.11.2027
12978088V,МИНФИН,893058,"5 700 201,67182",098,RU000A102CL3,19.11.2032
12978104V,МИНФИН,745001,"4 755 184,93279",098,RU000A1034K8,26.05.2036
24021RMFS,МИНФИН,1000430,"1 000,43",1,RU000A101CK7,23.04.2024
25084RMFS,МИНФИН,984290,98429,1,RU000A101FA1,03.10.2023
25085RMFS,МИНФИН,786478,786478,1,RU000A103BQ2,23.09.2025
26207RMFS,МИНФИН,987610,98761,1,RU000A0JS3W6,02.02.2027
26211RMFS,МИНФИН,1000550,"1 000,55",1,RU000A0JTJL3,24.01.2023
26212RMFS,МИНФИН,923460,92346,1,RU000A0JTK38,18.01.2028
26215RMFS,МИНФИН,998520,99852,1,RU000A0JU4L3,15.08.2023
26218RMFS,МИНФИН,936070,93607,1,RU000A0JVW48,16.09.2031
26219RMFS,МИНФИН,979380,97938,1,RU000A0JWM07,15.09.2026
26221RMFS,МИНФИН,863740,86374,1,RU000A0JXFM1,22.03.2033
26222RMFS,МИНФИН,987630,98763,1,RU000A0JXQF2,15.10.2024
26223RMFS,МИНФИН,989420,98942,1,RU000A0ZYU88,27.02.2024
26224RMFS,МИНФИН,880280,88028,1,RU000A0ZYUA9,22.05.2029
26225RMFS,МИНФИН,823710,82371,1,RU000A0ZYUB7,08.05.2034
26226RMFS,МИНФИН,984230,98423,1,RU000A0ZZYW2,06.10.2026
26227RMFS,МИНФИН,994380,99438,1,RU000A1007F4,16.07.2024
26228RMFS,МИНФИН,894100,8941,1,RU000A100A82,09.04.2030
26229RMFS,МИНФИН,974800,9748,1,RU000A100EG3,11.11.2025
26230RMFS,МИНФИН,825850,82585,1,RU000A100EF5,15.03.2039
26232RMFS,МИНФИН,890010,89001,1,RU000A1014N4,05.10.2027
26233RMFS,МИНФИН,733040,73304,1,RU000A101F94,17.07.2035
26234RMFS,МИНФИН,916870,91687,1,RU000A101QE0,15.07.2025
26235RMFS,МИНФИН,784350,78435,1,RU000A1028E3,11.03.2031
26236RMFS,МИНФИН,851770,85177,1,RU000A102BT8,16.05.2028
26237RMFS,МИНФИН,865950,86595,1,RU000A1038Z7,13.03.2029
26238RMFS,МИНФИН,766480,76648,1,RU000A1038V6,14.05.2041
26239RMFS,МИНФИН,834000,834,1,RU000A103901,22.07.2031
26240RMFS,МИНФИН,783200,7832,1,RU000A103BR0,29.07.2036
26241RMFS,МИНФИН,980140,98014,1,RU000A105FZ9,16.11.2032
29006RMFS,МИНФИН,1022640,"1 022,64",1,RU000A0JV4L2,28.01.2025
29007RMFS,МИНФИН,1030900,"1 030,9",1,RU000A0JV4M0,02.03.2027
29008RMFS,МИНФИН,1040670,"1 040,67",1,RU000A0JV4P3,02.10.2029
29009RMFS,МИНФИН,1055660,"1 055,66",1,RU000A0JV4N8,04.05.2032
29010RMFS,МИНФИН,1076280,"1 076,28",1,RU000A0JV4Q1,05.12.2034
29013RMFS,МИНФИН,979020,97902,1,RU000A101KT1,17.09.2030
29014RMFS,МИНФИН,994680,99468,1,RU000A101N52,24.03.2026
29015RMFS,МИНФИН,986420,98642,1,RU000A1025A7,17.10.2028
29016RMFS,МИНФИН,993600,9936,1,RU000A1025B5,22.12.2026
29017RMFS,МИНФИН,977000,977,1,RU000A1028D5,24.08.2032
29018RMFS,МИНФИН,977590,97759,1,RU000A102A31,25.11.2031
29019RMFS,МИНФИН,981020,98102,1,RU000A102A49,17.07.2029
29020RMFS,МИНФИН,989310,98931,1,RU000A102BV4,21.09.2027
29021RMFS,МИНФИН,974460,97446,1,RU000A105B11,26.11.2030
29022RMFS,МИНФИН,981520,98152,1,RU000A105G16,19.07.2033
46011RMFS,МИНФИН,1748720,"1 049,232",1,RU0002867854,22.08.2023
46012RMFS,МИНФИН,1039410,9874395,1,RU0002868001,08.09.2026
46020RMFS,МИНФИН,790310,79031,1,RU000A0GN9A7,08.08.2034
46022RMFS,МИНФИН,992350,496175,1,RU000A0JPLH5,18.07.2023
46023RMFS,МИНФИН,989110,395644,1,RU000A0JRTL6,25.01.2023
52001RMFS,МИНФИН,994990,"1 520,0760727",1,RU000A0JVMH1,15.08.2023
52002RMFS,МИНФИН,972510,"1 313,6762331",1,RU000A0ZYZ26,01.02.2028
52003RMFS,МИНФИН,950820,"1 167,7400748",1,RU000A102069,16.07.2030
52004RMFS,МИНФИН,938660,"1 083,7862226",1,RU000A103MX5,16.03.2032
MK-0-CM-119,МИНФИН,1469383,"89 849,6847457",098,XS0088543193,09.06.2028
SK-0-CM-128,МИНФИН,1074732,8871876656478,098,XS0114288789,28.03.2023
Облигации ипотечных агентств,Облигации ипотечных агентств,Облигации ипотечных агентств,Облигации ипотечных агентств,Облигации ипотечных агентств,Облигации ипотечных агентств,
4-14-00739-A,"АКЦИОНЕРНОЕ ОБЩЕСТВО ""ДОМ.РФ""",1018400,"1 018,4",095,RU000A0JQAL8,02.05.2023
4-15-00739-A,"АКЦИОНЕРНОЕ ОБЩЕСТВО ""ДОМ.РФ""",1066700,"1 066,7",095,RU000A0JQAM6,06.09.2028
4B02-01-00739-A-001P,"АКЦИОНЕРНОЕ ОБЩЕСТВО ""ДОМ.РФ""",1007400,"1 007,4",095,RU000A0ZYLU6,10.12.2027
4B02-03-00739-A-001P,"АКЦИОНЕРНОЕ ОБЩЕСТВО ""ДОМ.РФ""",995500,9955,095,RU000A0ZZ1N0,23.03.2028
4B02-04-00739-A-001P,"АКЦИОНЕРНОЕ ОБЩЕСТВО ""ДОМ.РФ""",948054,948054,095,RU000A0ZZ7C0,08.05.2028
4B02-05-00739-A-001P,"АКЦИОНЕРНОЕ ОБЩЕСТВО ""ДОМ.РФ""",1002100,"1 002,1",095,RU000A1004W6,15.02.2029
4B02-06-00739-A,"АКЦИОНЕРНОЕ ОБЩЕСТВО ""ДОМ.РФ""",943420,94342,095,RU000A0ZYF20,03.11.2050
4B02-06-00739-A-001P,"АКЦИОНЕРНОЕ ОБЩЕСТВО ""ДОМ.РФ""",950060,95006,095,RU000A100ET6,11.05.2039
4B02-07-00739-A,"АКЦИОНЕРНОЕ ОБЩЕСТВО ""ДОМ.РФ""",1027600,"1 027,6",095,RU000A0ZYF38,03.11.2050
4B02-07-00739-A-001P,"АКЦИОНЕРНОЕ ОБЩЕСТВО ""ДОМ.РФ""",954100,9541,095,RU000A101590,10.11.2039
4B02-10-00739-A,"АКЦИОНЕРНОЕ ОБЩЕСТВО ""ДОМ.РФ""",978150,97815,095,RU000A0ZYFN3,11.11.2050
4B02-10-00739-A-001P,"АКЦИОНЕРНОЕ ОБЩЕСТВО ""ДОМ.РФ""",993300,9933,095,RU000A104ZA3,20.07.2023
4B02-11-00739-A-001P,"АКЦИОНЕРНОЕ ОБЩЕСТВО ""ДОМ.РФ""",1000400,"1 000,4",095,RU000A1052E3,06.08.2024
4B02-12-00739-A-001P,"АКЦИОНЕРНОЕ ОБЩЕСТВО ""ДОМ.РФ""",1002500,"1 002,5",095,RU000A1055Q0,01.09.2025
Облигации субъектов Российской Федерации и муниципальных образований,Облигации субъектов Российской Федерации и муниципальных образований,Облигации субъектов Российской Федерации и муниципальных образований,Облигации субъектов Российской Федерации и муниципальных образований,Облигации субъектов Российской Федерации и муниципальных образований,Облигации субъектов Российской Федерации и муниципальных образований,
RU34012BEL0,БЕЛГОРОДСКАЯ ОБЛАСТЬ,965800,4829,098,RU000A100PP0,04.08.2023
RU34013BEL0,БЕЛГОРОДСКАЯ ОБЛАСТЬ,982400,4912,098,RU000A100Y84,16.10.2023
RU34014BEL0,БЕЛГОРОДСКАЯ ОБЛАСТЬ,952300,9523,098,RU000A101PA0,18.05.2023
RU34015BEL0,БЕЛГОРОДСКАЯ ОБЛАСТЬ,940900,9409,098,RU000A101RB4,31.05.2023
RU34016BEL0,БЕЛГОРОДСКАЯ ОБЛАСТЬ,950300,627198,098,RU000A1025F6,22.03.2023
RU34003KRA1,ГОРОД КРАСНОДАР,963900,9639,098,RU000A102KT9,20.12.2023
RU34013KRN1,ГОРОД КРАСНОЯРСК,948100,711075,098,RU000A1029G6,19.07.2023
RU35008NSB1,ГОРОД НОВОСИБИРСК,1001200,45054,098,RU000A0JWHW8,23.10.2023
RU35001GSP0,ГОРОД САНКТ-ПЕТЕРБУРГ,989200,9892,098,RU000A0ZYHX8,28.05.2024
RU35003GSP0,ГОРОД САНКТ-ПЕТЕРБУРГ,926300,9263,098,RU000A102A15,16.10.2023
RU35001KAM0,КАМЧАТСКИЙ КРАЙ,1002400,70168,098,RU000A0ZZSW4,10.11.2023
RU35002KEM0,КЕМЕРОВСКАЯ ОБЛАСТЬ,989500,49475,098,RU000A0ZYB40,18.09.2023
RU35001KND0,КРАСНОДАРСКИЙ КРАЙ,999100,69937,098,RU000A0JXYS9,10.08.2023
RU35002KND0,КРАСНОДАРСКИЙ КРАЙ,983200,7374,098,RU000A0ZZ8X4,28.08.2023
RU35003KND0,КРАСНОДАРСКИЙ КРАЙ,938600,9386,098,RU000A1011B5,06.11.2024
RU34012KNA0,КРАСНОЯРСКИЙ КРАЙ,1009300,252325,098,RU000A0JWXF0,24.10.2023
RU34013KNA0,КРАСНОЯРСКИЙ КРАЙ,984300,738225,098,RU000A0ZYCM2,04.10.2023
RU35014KNA0,КРАСНОЯРСКИЙ КРАЙ,985500,739125,098,RU000A0ZYFB8,01.11.2023
RU35015KNA0,КРАСНОЯРСКИЙ КРАЙ,981900,39276,098,RU000A0ZZC48,04.10.2023
RU35016KNA0,КРАСНОЯРСКИЙ КРАЙ,1003400,60204,098,RU000A0ZZM87,15.12.2022
RU35001KUR0,КУРСКАЯ ОБЛАСТЬ,985100,443295,098,RU000A0ZYCD1,13.07.2023
RU34011LIP0,ЛИПЕЦКАЯ ОБЛАСТЬ,964700,38588,098,RU000A1013T3,22.11.2023
RU34012LIP0,ЛИПЕЦКАЯ ОБЛАСТЬ,942500,5655,098,RU000A102598,18.09.2023
RU35010LIP0,ЛИПЕЦКАЯ ОБЛАСТЬ,984800,39392,098,RU000A0ZZR33,23.10.2023
RU34011MOO0,МОСКОВСКАЯ ОБЛАСТЬ,1000300,250075,098,RU000A0ZYML3,21.12.2022
RU34012MOO0,МОСКОВСКАЯ ОБЛАСТЬ,980800,4904,098,RU000A100XP4,09.10.2023
RU34013MOO0,МОСКОВСКАЯ ОБЛАСТЬ,982900,9829,098,RU000A101988,22.12.2022
RU34014MOO0,МОСКОВСКАЯ ОБЛАСТЬ,959700,9597,098,RU000A101WL3,10.07.2023
RU35010MOO0,МОСКОВСКАЯ ОБЛАСТЬ,1017900,356265,098,RU000A0JX0B9,20.11.2023
RU35015MOO0,МОСКОВСКАЯ ОБЛАСТЬ,939400,9394,098,RU000A102CR0,12.02.2024
RU35016MOO0,МОСКОВСКАЯ ОБЛАСТЬ,947000,947,098,RU000A102G35,05.06.2023
RU35001NEN0,НЕНЕЦКИЙ АВТОНОМНЫЙ ОКРУГ,987700,19754,098,RU000A0ZYF61,03.05.2023
RU35011NJG0,НИЖЕГОРОДСКАЯ ОБЛАСТЬ,1012200,25305,098,RU000A0JWLD0,21.06.2023
RU35013NJG0,НИЖЕГОРОДСКАЯ ОБЛАСТЬ,1000700,40028,098,RU000A0ZZUT6,17.05.2023
RU35014NJG0,НИЖЕГОРОДСКАЯ ОБЛАСТЬ,958600,9586,098,RU000A101665,08.06.2023
RU35015NJG0,НИЖЕГОРОДСКАЯ ОБЛАСТЬ,925900,9259,098,RU000A102DS6,19.08.2024
RU35016NJG0,НИЖЕГОРОДСКАЯ ОБЛАСТЬ,1032300,"1 032,3",098,RU000A1043K9,17.11.2025
RU34019ANO0,НОВОСИБИРСКАЯ ОБЛАСТЬ,990200,4951,098,RU000A0ZZPB4,14.04.2023
RU34020ANO0,НОВОСИБИРСКАЯ ОБЛАСТЬ,981700,9817,098,RU000A1011Q3,14.04.2023
RU34021ANO0,НОВОСИБИРСКАЯ ОБЛАСТЬ,951500,9515,098,RU000A102895,10.04.2024
RU35003AOR0,ОРЕНБУРГСКАЯ ОБЛАСТЬ,1080300,64818,098,RU000A0JVM81,05.07.2023
RU35004AOR0,ОРЕНБУРГСКАЯ ОБЛАСТЬ,968200,9682,098,RU000A0ZYKH5,03.09.2025
RU25072MOS0,ПРАВИТЕЛЬСТВО Г. МОСКВЫ,979600,9796,098,RU000A1030S9,22.04.2024
RU25073MOS0,ПРАВИТЕЛЬСТВО Г. МОСКВЫ,971100,9711,098,RU000A1030T7,20.04.2026
RU26074MOS0,ПРАВИТЕЛЬСТВО Г. МОСКВЫ,917400,9174,098,RU000A1033Z8,17.05.2028
RU34011BAS0,РЕСПУБЛИКА БАШКОРТОСТАН,940500,9405,098,RU000A1026B3,26.09.2023
RU34012BAS0,РЕСПУБЛИКА БАШКОРТОСТАН,973700,9737,098,RU000A103DN5,08.07.2024
RU35014KOM0,РЕСПУБЛИКА КОМИ,997800,9978,098,RU000A0JXUD9,20.03.2023
RU35009RSY0,РЕСПУБЛИКА САХА (ЯКУТИЯ),999100,449595,098,RU000A0JXR43,10.05.2023
RU35010RSY0,РЕСПУБЛИКА САХА (ЯКУТИЯ),976500,5859,098,RU000A0ZZ7E6,16.08.2023
RU35011RSY0,РЕСПУБЛИКА САХА (ЯКУТИЯ),995000,6965,098,RU000A0ZZNJ2,22.02.2023
RU35012RSY0,РЕСПУБЛИКА САХА (ЯКУТИЯ),995900,79672,098,RU000A100CN3,15.08.2023
RU35013RSY0,РЕСПУБЛИКА САХА (ЯКУТИЯ),931700,74536,098,RU000A1010D3,04.08.2023
RU35014RSY0,РЕСПУБЛИКА САХА (ЯКУТИЯ),933000,6531,098,RU000A101P27,15.12.2022
RU35015RSY0,РЕСПУБЛИКА САХА (ЯКУТИЯ),951800,85662,098,RU000A1033B9,10.11.2023
RU35012SAM0,САМАРСКАЯ ОБЛАСТЬ,1008800,5044,098,RU000A0JWM56,21.09.2023
RU35014SAM0,САМАРСКАЯ ОБЛАСТЬ,950800,57048,098,RU000A0ZZ9P8,06.12.2023
RU35015SAM0,САМАРСКАЯ ОБЛАСТЬ,958600,67102,098,RU000A1020L5,01.11.2024
RU34007SVS0,СВЕРДЛОВСКАЯ ОБЛАСТЬ,946000,946,098,RU000A101UG7,22.12.2023
RU34010SVS0,СВЕРДЛОВСКАЯ ОБЛАСТЬ,971000,6797,098,RU000A102DQ0,20.11.2023
RU35003SVS0,СВЕРДЛОВСКАЯ ОБЛАСТЬ,1019400,40776,098,RU000A0JWZ77,16.11.2023
RU35004SVS0,СВЕРДЛОВСКАЯ ОБЛАСТЬ,975100,58506,098,RU000A0ZYDU3,20.10.2023
RU35005SVS0,СВЕРДЛОВСКАЯ ОБЛАСТЬ,999600,59976,098,RU000A0ZZQH9,16.12.2022
RU35006SVS0,СВЕРДЛОВСКАЯ ОБЛАСТЬ,944800,9448,098,RU000A1016N9,11.12.2023
RU35008SVS0,СВЕРДЛОВСКАЯ ОБЛАСТЬ,910100,9101,098,RU000A101Z17,23.07.2025
RU35009SVS0,СВЕРДЛОВСКАЯ ОБЛАСТЬ,911200,9112,098,RU000A102CT6,14.11.2023
RU35003STV0,СТАВРОПОЛЬСКИЙ КРАЙ,1016200,25405,098,RU000A0JWY29,03.11.2023
RU35004STV0,СТАВРОПОЛЬСКИЙ КРАЙ,934500,9345,098,RU000A102H34,11.09.2023
RU35002TMB0,ТАМБОВСКАЯ ОБЛАСТЬ,1007700,50385,098,RU000A0JWT75,20.12.2022
RU35003TMB0,ТАМБОВСКАЯ ОБЛАСТЬ,977000,4885,098,RU000A0JXVH8,12.10.2023
RU35001HMN0,ХАНТЫ-МАНСИЙСКИЙ АВТОНОМНЫЙ ОКРУГ-ЮГРА,1000900,40036,098,RU000A0JX215,16.12.2022
RU35002HMN0,ХАНТЫ-МАНСИЙСКИЙ АВТОНОМНЫЙ ОКРУГ-ЮГРА,987900,69153,098,RU000A0ZYKW4,19.12.2022
RU35001CLB0,ЧЕЛЯБИНСКАЯ ОБЛАСТЬ,933000,933,098,RU000A102FV5,04.09.2023
RU35002YML0,ЯМАЛО-НЕНЕЦКИЙ АО,1016100,50805,098,RU000A0JX0Z8,05.12.2023
RU35014YRS0,ЯРОСЛАВСКАЯ ОБЛАСТЬ,1011600,20232,098,RU000A0JWHN7,18.05.2023
RU35015YRS0,ЯРОСЛАВСКАЯ ОБЛАСТЬ,984600,9846,098,RU000A0JXS83,23.10.2023
Облигации с ипотечным покрытием,Облигации с ипотечным покрытием,Облигации с ипотечным покрытием,Облигации с ипотечным покрытием,Облигации с ипотечным покрытием,Облигации с ипотечным покрытием,
41403338B,"АО ""КБ ДЕЛЬТАКРЕДИТ""",1029800,30894,095,RU000A0JUJG1,26.12.2022
4-01-00307-R-002P,"ООО ""ДОМ.РФ ИПОТЕЧНЫЙ АГЕНТ""",787367,19950305046,09,RU000A0JXRM6,27.12.2022
4-02-00307-R-002P,"ООО ""ДОМ.РФ ИПОТЕЧНЫЙ АГЕНТ""",1041200,10901364,09,RU000A0ZYJT2,27.01.2023
4-03-00307-R-001P,"ООО ""ДОМ.РФ ИПОТЕЧНЫЙ АГЕНТ""",1018900,132467189,09,RU000A0ZYLX0,27.01.2023
4-03-00307-R-002P,"ООО ""ДОМ.РФ ИПОТЕЧНЫЙ АГЕНТ""",838033,8101265011,09,RU000A0ZYL89,27.01.2023
4-04-00307-R-001P,"ООО ""ДОМ.РФ ИПОТЕЧНЫЙ АГЕНТ""",751067,25114178346,09,RU000A1019A0,27.02.2023
4-04-00307-R-002P,"ООО ""ДОМ.РФ ИПОТЕЧНЫЙ АГЕНТ""",948700,202661294,09,RU000A0ZZNW5,27.12.2022
4-05-00307-R-001P,"ООО ""ДОМ.РФ ИПОТЕЧНЫЙ АГЕНТ""",897100,377472767,09,RU000A101JD7,27.01.2023
4-05-00307-R-002P,"ООО ""ДОМ.РФ ИПОТЕЧНЫЙ АГЕНТ""",927300,231101706,09,RU000A0ZZCH9,27.01.2023
4-06-00307-R-002P,"ООО ""ДОМ.РФ ИПОТЕЧНЫЙ АГЕНТ""",1007000,21733074,09,RU000A0ZZV86,27.02.2023
4-09-00307-R-002P,"ООО ""ДОМ.РФ ИПОТЕЧНЫЙ АГЕНТ""",1006000,3348974,09,RU000A100DQ4,30.12.2022
4-10-00307-R-002P,"ООО ""ДОМ.РФ ИПОТЕЧНЫЙ АГЕНТ""",973700,34206081,09,RU000A100ZB9,27.12.2022
4-11-00307-R-002P,"ООО ""ДОМ.РФ ИПОТЕЧНЫЙ АГЕНТ""",926000,34972242,09,RU000A100YY4,27.01.2023
4-12-00307-R-002P,"ООО ""ДОМ.РФ ИПОТЕЧНЫЙ АГЕНТ""",772133,33964586404,09,RU000A1016B4,27.01.2023
4-14-00307-R-002P,"ООО ""ДОМ.РФ ИПОТЕЧНЫЙ АГЕНТ""",715400,356905906,09,RU000A101U95,27.02.2023
4-16-00307-R-002P,"ООО ""ДОМ.РФ ИПОТЕЧНЫЙ АГЕНТ""",834200,422989452,09,RU000A101X01,27.01.2023
4-17-00307-R-002P,"ООО ""ДОМ.РФ ИПОТЕЧНЫЙ АГЕНТ""",678667,38371153513,09,RU000A102AP8,27.02.2023
4-18-00307-R-002P,"ООО ""ДОМ.РФ ИПОТЕЧНЫЙ АГЕНТ""",883300,480356206,09,RU000A102D46,27.02.2023
4B02-01-00307-R-001P,"ООО ""ДОМ.РФ ИПОТЕЧНЫЙ АГЕНТ""",710533,43048352338,09,RU000A102GV3,27.01.2023
4B02-02-00307-R-001P,"ООО ""ДОМ.РФ ИПОТЕЧНЫЙ АГЕНТ""",907600,522605156,09,RU000A102JB9,27.02.2023
4B02-03-00307-R-001P,"ООО ""ДОМ.РФ ИПОТЕЧНЫЙ АГЕНТ""",897100,493727956,09,RU000A102GD1,27.12.2022
4B02-04-00307-R-001P,"ООО ""ДОМ.РФ ИПОТЕЧНЫЙ АГЕНТ""",945800,522526126,09,RU000A102K13,27.12.2022
4B02-05-00307-R-001P,"ООО ""ДОМ.РФ ИПОТЕЧНЫЙ АГЕНТ""",901000,55119576,09,RU000A102L87,27.12.2022
4B02-06-00307-R-001P,"ООО ""ДОМ.РФ ИПОТЕЧНЫЙ АГЕНТ""",759600,450359244,09,RU000A102L53,27.02.2023
4B02-07-00307-R-001P,"ООО ""ДОМ.РФ ИПОТЕЧНЫЙ АГЕНТ""",915500,610556105,09,RU000A103125,27.12.2022
4B02-08-00307-R-001P,"ООО ""ДОМ.РФ ИПОТЕЧНЫЙ АГЕНТ""",916700,625821923,09,RU000A1031K4,27.01.2023
4B02-09-00307-R-001P,"ООО ""ДОМ.РФ ИПОТЕЧНЫЙ АГЕНТ""",946300,736448512,09,RU000A103N43,27.02.2023
4B02-10-00307-R-001P,"ООО ""ДОМ.РФ ИПОТЕЧНЫЙ АГЕНТ""",749533,63069454285,09,RU000A103W42,27.01.2023
4B02-11-00307-R-001P,"ООО ""ДОМ.РФ ИПОТЕЧНЫЙ АГЕНТ""",895000,76147495,09,RU000A103YG5,27.01.2023
4B02-13-00307-R-001P,"ООО ""ДОМ.РФ ИПОТЕЧНЫЙ АГЕНТ""",993300,818846721,09,RU000A1041Q0,27.12.2022
4B02-14-00307-R-001P,"ООО ""ДОМ.РФ ИПОТЕЧНЫЙ АГЕНТ""",713667,56087803197,09,RU000A104511,27.02.2023
4B02-15-00307-R-001P,"ООО ""ДОМ.РФ ИПОТЕЧНЫЙ АГЕНТ""",928300,781619317,09,RU000A104B79,27.12.2022
4B02-17-00307-R-001P,"ООО ""ДОМ.РФ ИПОТЕЧНЫЙ АГЕНТ""",777967,6958914815,09,RU000A104C45,27.12.2022
4B02-18-00307-R-001P,"ООО ""ДОМ.РФ ИПОТЕЧНЫЙ АГЕНТ""",992100,934310175,09,RU000A104UV0,27.12.2022
4B02-19-00307-R-001P,"ООО ""ДОМ.РФ ИПОТЕЧНЫЙ АГЕНТ""",995000,9454092,09,RU000A104X32,27.12.2022
4B02-22-00307-R-001P,"ООО ""ДОМ.РФ ИПОТЕЧНЫЙ АГЕНТ""",990800,971766732,09,RU000A1058R2,28.12.2022
Облигации юридических лиц - резидентов Российской Федерации,Облигации юридических лиц - резидентов Российской Федерации,Облигации юридических лиц - резидентов Российской Федерации,Облигации юридических лиц - резидентов Российской Федерации,Облигации юридических лиц - резидентов Российской Федерации,Облигации юридических лиц - резидентов Российской Федерации,
4B02-03-40046-N,"АКЦИОНЕРНАЯ КОМПАНИЯ ""АЛРОСА"" (ПУБЛИЧНОЕ АКЦИОНЕРНОЕ ОБЩЕСТВО)",951200,9512,095,RU000A101PG7,08.05.2030
4B02-06-40046-N,"АКЦИОНЕРНАЯ КОМПАНИЯ ""АЛРОСА"" (ПУБЛИЧНОЕ АКЦИОНЕРНОЕ ОБЩЕСТВО)",939500,9395,095,RU000A101PB8,08.05.2030
4B02-07-40046-N,"АКЦИОНЕРНАЯ КОМПАНИЯ ""АЛРОСА"" (ПУБЛИЧНОЕ АКЦИОНЕРНОЕ ОБЩЕСТВО)",936200,9362,095,RU000A101PC6,08.05.2030
4B02-01-55319-E-001P,"АКЦИОНЕРНОЕ ОБЩЕСТВО ""АТОМНЫЙ ЭНЕРГОПРОМЫШЛЕННЫЙ КОМПЛЕКС""",954400,9544,095,RU000A103AT8,18.06.2026
4B02-01-01068-K-001P,"АКЦИОНЕРНОЕ ОБЩЕСТВО ""БАШКИРСКАЯ СОДОВАЯ КОМПАНИЯ""",999900,249975,09,RU000A0ZYR18,26.01.2023
4-03-00350-D,"АКЦИОНЕРНОЕ ОБЩЕСТВО ""ЗАПАДНЫЙ СКОРОСТНОЙ ДИАМЕТР""",774437,774437,09,RU000A0JS4J1,28.01.2032
4-04-00350-D,"АКЦИОНЕРНОЕ ОБЩЕСТВО ""ЗАПАДНЫЙ СКОРОСТНОЙ ДИАМЕТР""",808490,80849,09,RU000A0JS4K9,28.01.2032
4-01-05886-A-001P,"АКЦИОНЕРНОЕ ОБЩЕСТВО ""РОСАГРОЛИЗИНГ""",954600,9546,09,RU000A101R09,27.05.2025
4-02-05886-A-001P,"АКЦИОНЕРНОЕ ОБЩЕСТВО ""РОСАГРОЛИЗИНГ""",956700,9567,09,RU000A102TA0,24.02.2026
4-03-05886-A-001P,"АКЦИОНЕРНОЕ ОБЩЕСТВО ""РОСАГРОЛИЗИНГ""",926100,9261,09,RU000A103QL1,15.09.2026
4-07-55477-E,"АКЦИОНЕРНОЕ ОБЩЕСТВО ""РОСНАНО""",1001100,"1 001,1",08,RU000A0JW1G7,15.12.2022
4-08-55477-E,"АКЦИОНЕРНОЕ ОБЩЕСТВО ""РОСНАНО""",881500,8815,08,RU000A1008V9,24.03.2028
4B02-01-00349-R-001P,"АКЦИОНЕРНОЕ ОБЩЕСТВО ""ТРАНСКОМПЛЕКТХОЛДИНГ""",999900,9999,08,RU000A0ZYCR1,29.09.2027
4B02-03-16592-A-001P,"АКЦИОНЕРНОЕ ОБЩЕСТВО ""ТРАНСКОМПЛЕКТХОЛДИНГ""",983200,9832,08,RU000A100AZ1,12.04.2029
4B02-04-35992-H-001P,"АКЦИОНЕРНОЕ ОБЩЕСТВО ""ТРАНСМАШХОЛДИНГ""",967200,9672,09,RU000A1018C8,13.12.2024
4B02-05-35992-H-001P,"АКЦИОНЕРНОЕ ОБЩЕСТВО ""ТРАНСМАШХОЛДИНГ""",985000,985,09,RU000A101PU8,20.05.2025
4B02-06-35992-H-001P,"АКЦИОНЕРНОЕ ОБЩЕСТВО ""ТРАНСМАШХОЛДИНГ""",969900,9699,09,RU000A1038D4,04.06.2026
4B02-02-55465-E-001P,"АКЦИОНЕРНОЕ ОБЩЕСТВО ""ФЕДЕРАЛЬНАЯ ПАССАЖИРСКАЯ КОМПАНИЯ""",999500,9995,095,RU000A0ZYLF7,14.12.2022
4B02-03-55465-E-001P,"АКЦИОНЕРНОЕ ОБЩЕСТВО ""ФЕДЕРАЛЬНАЯ ПАССАЖИРСКАЯ КОМПАНИЯ""",971100,9711,095,RU000A0ZYX69,22.02.2028
4B02-04-55465-E-001P,"АКЦИОНЕРНОЕ ОБЩЕСТВО ""ФЕДЕРАЛЬНАЯ ПАССАЖИРСКАЯ КОМПАНИЯ""",1001800,"1 001,8",095,RU000A0ZZRK1,17.10.2028
4B02-05-55465-E-001P,"АКЦИОНЕРНОЕ ОБЩЕСТВО ""ФЕДЕРАЛЬНАЯ ПАССАЖИРСКАЯ КОМПАНИЯ""",1008400,"1 008,4",095,RU000A0ZZTL5,01.11.2028
4B02-06-55465-E-001P,"АКЦИОНЕРНОЕ ОБЩЕСТВО ""ФЕДЕРАЛЬНАЯ ПАССАЖИРСКАЯ КОМПАНИЯ""",1001500,"1 001,5",095,RU000A100E88,18.05.2029
4B02-07-55465-E-001P,"АКЦИОНЕРНОЕ ОБЩЕСТВО ""ФЕДЕРАЛЬНАЯ ПАССАЖИРСКАЯ КОМПАНИЯ""",939900,9399,095,RU000A1012B3,02.11.2029
4-02-25642-H,"АКЦИОНЕРНОЕ ОБЩЕСТВО ""ХОЛДИНГОВАЯ КОМПАНИЯ ""МЕТАЛЛОИНВЕСТ""",997500,9975,09,RU000A0JTLJ3,26.01.2023
4-03-25642-H,"АКЦИОНЕРНОЕ ОБЩЕСТВО ""ХОЛДИНГОВАЯ КОМПАНИЯ ""МЕТАЛЛОИНВЕСТ""",998000,998,09,RU000A0JTLL9,26.01.2023
4-08-25642-H,"АКЦИОНЕРНОЕ ОБЩЕСТВО ""ХОЛДИНГОВАЯ КОМПАНИЯ ""МЕТАЛЛОИНВЕСТ""",847500,"51 822,84525",09,RU000A105A04,22.10.2028
4B02-03-25642-H,"АКЦИОНЕРНОЕ ОБЩЕСТВО ""ХОЛДИНГОВАЯ КОМПАНИЯ ""МЕТАЛЛОИНВЕСТ""",935500,9355,09,RU000A100YF3,09.10.2029
4B02-04-25642-H,"АКЦИОНЕРНОЕ ОБЩЕСТВО ""ХОЛДИНГОВАЯ КОМПАНИЯ ""МЕТАЛЛОИНВЕСТ""",930300,9303,09,RU000A101EF3,29.01.2030
4B02-10-25642-H,"АКЦИОНЕРНОЕ ОБЩЕСТВО ""ХОЛДИНГОВАЯ КОМПАНИЯ ""МЕТАЛЛОИНВЕСТ""",914000,914,09,RU000A101R90,22.05.2030
4B02-01-12414-F-001P,"АКЦИОНЕРНОЕ ОБЩЕСТВО ХОЛДИНГОВАЯ КОМПАНИЯ ""НОВОТРАНС""",977800,9778,09,RU000A1014S3,28.02.2023
4B02-02-12414-F-001P,"АКЦИОНЕРНОЕ ОБЩЕСТВО ХОЛДИНГОВАЯ КОМПАНИЯ ""НОВОТРАНС""",957000,957,09,RU000A103133,17.07.2024
4B02-01-82416-H-001P,"АО ""АВТОБАН-ФИНАНС""",1003200,"1 003,2",08,RU000A0JXQ51,18.04.2024
4B02-02-12310-A,"АО ""ВЕРТОЛЕТЫ РОССИИ""",990900,9909,095,RU000A0JUAT3,15.11.2023
4B02-03-12310-A,"АО ""ВЕРТОЛЕТЫ РОССИИ""",832350,83235,095,RU000A0ZYMN9,15.12.2027
4B02-04-43801-H,"АО ""ВЭБ-ЛИЗИНГ""",1010000,1 010,095,RU000A0JV8D0,30.01.2025
4B02-06-43801-H,"АО ""ВЭБ-ЛИЗИНГ""",980800,9808,095,RU000A0JV9D8,17.02.2025
4B02-01-32432-H-002P,"АО ""ГТЛК""",944100,9441,09,RU000A102VR0,29.02.2036
4B02-03-32432-H-001P,"АО ""ГТЛК""",1010400,"1 010,4",09,RU000A0JXE06,21.01.2032
4B02-04-32432-H,"АО ""ГТЛК""",983500,9835,09,RU000A0JVA10,05.03.2025
4B02-04-32432-H-001P,"АО ""ГТЛК""",999900,9999,09,RU000A0JXPG2,05.04.2032
4B02-05-32432-H,"АО ""ГТЛК""",1012300,"1 012,3",09,RU000A0JVWD9,16.10.2025
4B02-06-32432-H,"АО ""ГТЛК""",1033600,"1 033,6",09,RU000A0JVWJ6,17.10.2025
4B02-07-32432-H,"АО ""ГТЛК""",999700,9997,09,RU000A0JW1P8,15.12.2025
4B02-07-32432-H-001P,"АО ""ГТЛК""",998000,998,09,RU000A0ZYNY4,30.12.2032
4B02-08-32432-H,"АО ""ГТЛК""",957000,957,09,RU000A0JWST1,31.08.2026
4B02-08-32432-H-001P,"АО ""ГТЛК""",1018600,"1 018,6",09,RU000A0ZYR91,17.01.2033
4B02-09-32432-H-001P,"АО ""ГТЛК""",939900,9399,09,RU000A0ZZ1J8,17.03.2033
4B02-10-32432-H-001P,"АО ""ГТЛК""",1062600,"1 062,6",09,RU000A0ZZ984,19.05.2033
4B02-12-32432-H-001P,"АО ""ГТЛК""",947800,9478,09,RU000A0ZZV11,03.11.2033
4B02-13-32432-H-001P,"АО ""ГТЛК""",973800,9738,09,RU000A1003A4,19.01.2034
4B02-14-32432-H-001P,"АО ""ГТЛК""",1000600,"1 000,6",09,RU000A100FE5,24.05.2034
4B02-15-32432-H-001P,"АО ""ГТЛК""",947700,56862,09,RU000A100Z91,23.10.2023
4B02-16-32432-H-001P,"АО ""ГТЛК""",911800,68385,09,RU000A101GD3,22.02.2023
4B02-17-32432-H-001P,"АО ""ГТЛК""",892700,8927,09,RU000A101QL5,11.05.2035
4B02-18-32432-H-001P,"АО ""ГТЛК""",898500,8985,09,RU000A101SC0,22.05.2035
4B02-19-32432-H-001P,"АО ""ГТЛК""",910500,9105,09,RU000A101SD8,22.05.2035
4B02-20-32432-H-001P,"АО ""ГТЛК""",955500,9555,09,RU000A1038M5,27.05.2036
4-01-14045-A,"АО ""ОДК""",1115800,"1 115,8",08,RU000A0JWK74,09.06.2026
4-01-03924-J,"АО ""ПКТ""",885700,8857,09,RU000A0JW0S4,08.12.2025
4-02-03924-J,"АО ""ПКТ""",713400,7134,09,RU000A0JW5E3,05.02.2026
4-03-03924-J,"АО ""ПКТ""",889900,8899,09,RU000A0JWBP5,17.03.2026
4B02-01-16643-A-002P,"АО ""ПОЧТА РОССИИ""",1076000,1 076,095,RU000A104V75,25.05.2032
4B02-02-00005-T-001P,"АО ""ПОЧТА РОССИИ""",973700,9737,095,RU000A0JXRD5,07.05.2027
4B02-02-16643-A-002P,"АО ""ПОЧТА РОССИИ""",1030800,"1 030,8",095,RU000A104W17,07.06.2032
4B02-03-00005-T,"АО ""ПОЧТА РОССИИ""",997800,9978,095,RU000A0JWTL6,09.09.2026
4B02-03-00005-T-001P,"АО ""ПОЧТА РОССИИ""",989400,9894,095,RU000A0JXS59,18.05.2027
4B02-03-16643-A-002P,"АО ""ПОЧТА РОССИИ""",1024300,"1 024,3",095,RU000A104W33,07.06.2032
4B02-04-00005-T,"АО ""ПОЧТА РОССИИ""",966800,9668,095,RU000A0JXMP0,19.03.2027
4B02-04-00005-T-001P,"АО ""ПОЧТА РОССИИ""",995900,9959,095,RU000A0ZZ5H3,21.04.2028
4B02-04-16643-A-002P,"АО ""ПОЧТА РОССИИ""",979000,979,095,RU000A1055Y4,25.08.2032
4B02-05-00005-T-001P,"АО ""ПОЧТА РОССИИ""",996800,9968,095,RU000A0ZZ5J9,21.04.2028
4B02-06-00005-T-001P,"АО ""ПОЧТА РОССИИ""",997200,9972,095,RU000A100SZ3,22.08.2029
4B02-07-00005-T-001P,"АО ""ПОЧТА РОССИИ""",1002100,"1 002,1",095,RU000A1008Y3,26.03.2029
4B02-08-00005-T-001P,"АО ""ПОЧТА РОССИИ""",984200,9842,095,RU000A100UT2,10.09.2029
4B02-10-16643-A-001P,"АО ""ПОЧТА РОССИИ""",948300,9483,095,RU000A101ZH4,22.07.2030
4B02-03-00182-A-001P,"АО ""ЧТПЗ""",1007300,"1 007,3",09,RU000A0JXME4,20.03.2024
4B02-04-00182-A-001P,"АО ""ЧТПЗ""",984100,9841,09,RU000A0JXTY7,07.06.2027
4B02-06-00182-A-001P,"АО ""ЧТПЗ""",977500,9775,09,RU000A102F85,27.11.2023
4B02-04-31153-H-001P,АО «МХК «ЕВРОХИМ»,999000,999,09,RU000A100LS3,17.01.2023
4B02-05-31153-H-001P,АО «МХК «ЕВРОХИМ»,995000,995,09,RU000A100LV7,18.07.2023
4B02-06-31153-H-001P,АО «МХК «ЕВРОХИМ»,998600,9986,09,RU000A100RG5,17.08.2023
4B02-08-31153-H-001P,АО «МХК «ЕВРОХИМ»,976200,9762,09,RU000A101LJ0,14.04.2025
4-24-00004-T,"ГК ""БАНК РАЗВИТИЯ И ВНЕШНЕЭКОНОМИЧЕСКОЙ ДЕЯТЕЛЬНОСТИ (ВНЕШЭКОНОМБАНК)""",986900,9869,095,RU000A0JT6B2,23.09.2032
4-26-00004-T,"ГК ""БАНК РАЗВИТИЯ И ВНЕШНЕЭКОНОМИЧЕСКОЙ ДЕЯТЕЛЬНОСТИ (ВНЕШЭКОНОМБАНК)""",1006800,"1 006,8",095,RU000A0JS4Z7,17.02.2032
4B02-08-00004-T-001P,"ГК ""БАНК РАЗВИТИЯ И ВНЕШНЕЭКОНОМИЧЕСКОЙ ДЕЯТЕЛЬНОСТИ (ВНЕШЭКОНОМБАНК)""",985341,"60 251,5329339",095,RU000A0JXU48,14.12.2022
4B02-01-00011-T-002P,"ГОСУДАРСТВЕННАЯ КОМПАНИЯ ""РОССИЙСКИЕ АВТОМОБИЛЬНЫЕ ДОРОГИ""",998800,9988,095,RU000A100030,21.12.2022
4B02-01-00011-T-004P,"ГОСУДАРСТВЕННАЯ КОМПАНИЯ ""РОССИЙСКИЕ АВТОМОБИЛЬНЫЕ ДОРОГИ""",960000,960,095,RU000A103NU9,07.09.2026
4B02-02-00011-T-003P,"ГОСУДАРСТВЕННАЯ КОМПАНИЯ ""РОССИЙСКИЕ АВТОМОБИЛЬНЫЕ ДОРОГИ""",1024600,"1 024,6",095,RU000A104XR2,30.06.2027
4B02-05-00011-T-002P,"ГОСУДАРСТВЕННАЯ КОМПАНИЯ ""РОССИЙСКИЕ АВТОМОБИЛЬНЫЕ ДОРОГИ""",999000,8991,095,RU000A1017H9,20.12.2022
4B02-05-00011-T-004P,"ГОСУДАРСТВЕННАЯ КОМПАНИЯ ""РОССИЙСКИЕ АВТОМОБИЛЬНЫЕ ДОРОГИ""",1007900,"1 007,9",095,RU000A104KT5,20.02.2023
4B02-01-00004-T-002P,"ГОСУДАРСТВЕННАЯ КОРПОРАЦИЯ РАЗВИТИЯ ""ВЭБ.РФ""",1001100,"1 001,1",095,RU000A1042W6,17.10.2028
4B02-02-00004-T-002P,"ГОСУДАРСТВЕННАЯ КОРПОРАЦИЯ РАЗВИТИЯ ""ВЭБ.РФ""",1013100,"1 013,1",095,RU000A104Z48,14.07.2027
4B02-127-00004-T-001P,"ГОСУДАРСТВЕННАЯ КОРПОРАЦИЯ РАЗВИТИЯ ""ВЭБ.РФ""",1000000,1 000,095,RU000A102YN3,22.12.2022
4B02-177-00004-T-001P,"ГОСУДАРСТВЕННАЯ КОРПОРАЦИЯ РАЗВИТИЯ ""ВЭБ.РФ""",1000000,1 000,095,RU000A100GY1,21.06.2023
4B02-227-00004-T-001P,"ГОСУДАРСТВЕННАЯ КОРПОРАЦИЯ РАЗВИТИЯ ""ВЭБ.РФ""",940200,9402,095,RU000A1013P1,16.11.2026
4B02-290-00004-T-001P,"ГОСУДАРСТВЕННАЯ КОРПОРАЦИЯ РАЗВИТИЯ ""ВЭБ.РФ""",892000,892,095,RU000A101TB0,09.06.2027
4B02-292-00004-T-001P,"ГОСУДАРСТВЕННАЯ КОРПОРАЦИЯ РАЗВИТИЯ ""ВЭБ.РФ""",983600,9836,095,RU000A101WF5,20.07.2023
4B02-303-00004-T-001P,"ГОСУДАРСТВЕННАЯ КОРПОРАЦИЯ РАЗВИТИЯ ""ВЭБ.РФ""",974900,9749,095,RU000A102FC5,04.12.2023
4B02-316-00004-T-001P,"ГОСУДАРСТВЕННАЯ КОРПОРАЦИЯ РАЗВИТИЯ ""ВЭБ.РФ""",952600,"58 249,48954",09,RU000A102K96,16.12.2025
4B02-334-00004-T-001P,"ГОСУДАРСТВЕННАЯ КОРПОРАЦИЯ РАЗВИТИЯ ""ВЭБ.РФ""",952000,952,095,RU000A1031U3,17.04.2028
4B02-367-00004-T-001P,"ГОСУДАРСТВЕННАЯ КОРПОРАЦИЯ РАЗВИТИЯ ""ВЭБ.РФ""",961442,"58 790,1592718",09,RU000A103FY7,22.07.2026
4B02-429-00004-T-001P,"ГОСУДАРСТВЕННАЯ КОРПОРАЦИЯ РАЗВИТИЯ ""ВЭБ.РФ""",1001800,"1 001,8",095,RU000A104HU9,13.02.2023
4B02-01-36383-R-002P,"ОБЩЕСТВО С ОГРАНИЧЕННОЙ ОТВЕТСТВЕННОСТЬЮ ""ЕВРАЗХОЛДИНГ ФИНАНС""",985500,9855,09,RU000A100P85,26.07.2024
4B02-02-00464-R-001P,"ОБЩЕСТВО С ОГРАНИЧЕННОЙ ОТВЕТСТВЕННОСТЬЮ ""ПИК-КОРПОРАЦИЯ""",974300,9743,08,RU000A1016Z3,13.06.2023
4B02-03-00464-R-001P,"ОБЩЕСТВО С ОГРАНИЧЕННОЙ ОТВЕТСТВЕННОСТЬЮ ""ПИК-КОРПОРАЦИЯ""",996100,9961,08,RU000A1026C1,28.03.2023
4B02-04-00464-R-001P,"ОБЩЕСТВО С ОГРАНИЧЕННОЙ ОТВЕТСТВЕННОСТЬЮ ""ПИК-КОРПОРАЦИЯ""",992300,9923,08,RU000A103C46,29.06.2023
4B02-01-36419-R,"ОБЩЕСТВО С ОГРАНИЧЕННОЙ ОТВЕТСТВЕННОСТЬЮ ""РЕСО-ЛИЗИНГ""",990275,990275,09,RU000A0JU6M6,20.09.2023
4B02-01-36419-R-001P,"ОБЩЕСТВО С ОГРАНИЧЕННОЙ ОТВЕТСТВЕННОСТЬЮ ""РЕСО-ЛИЗИНГ""",933000,933,09,RU000A1035H1,16.05.2031
4B02-03-36419-R-001P,"ОБЩЕСТВО С ОГРАНИЧЕННОЙ ОТВЕТСТВЕННОСТЬЮ ""РЕСО-ЛИЗИНГ""",1014900,"1 014,9",09,RU000A101ST4,07.06.2023
4B02-04-36419-R,"ОБЩЕСТВО С ОГРАНИЧЕННОЙ ОТВЕТСТВЕННОСТЬЮ ""РЕСО-ЛИЗИНГ""",983738,983738,09,RU000A0JVXS5,29.10.2025
4B02-05-36419-R,"ОБЩЕСТВО С ОГРАНИЧЕННОЙ ОТВЕТСТВЕННОСТЬЮ ""РЕСО-ЛИЗИНГ""",944400,9444,09,RU000A0JWVT5,01.10.2026
4B02-05-36419-R-001P,"ОБЩЕСТВО С ОГРАНИЧЕННОЙ ОТВЕТСТВЕННОСТЬЮ ""РЕСО-ЛИЗИНГ""",947200,9472,09,RU000A100NS9,27.08.2025
4B02-06-36419-R-001P,"ОБЩЕСТВО С ОГРАНИЧЕННОЙ ОТВЕТСТВЕННОСТЬЮ ""РЕСО-ЛИЗИНГ""",990400,9904,09,RU000A100PE4,31.07.2023
4B02-07-36419-R-001P,"ОБЩЕСТВО С ОГРАНИЧЕННОЙ ОТВЕТСТВЕННОСТЬЮ ""РЕСО-ЛИЗИНГ""",977300,9773,09,RU000A100XU4,10.10.2024
4B02-08-36419-R-001P,"ОБЩЕСТВО С ОГРАНИЧЕННОЙ ОТВЕТСТВЕННОСТЬЮ ""РЕСО-ЛИЗИНГ""",963100,9631,09,RU000A102K39,06.12.2030
4-01-36388-R,"ОБЩЕСТВО С ОГРАНИЧЕННОЙ ОТВЕТСТВЕННОСТЬЮ ""СЕВЕРО-ЗАПАДНАЯ КОНЦЕССИОННАЯ КОМПАНИЯ""",999800,7978404,08,RU000A0JRU20,29.03.2023
4-02-36388-R,"ОБЩЕСТВО С ОГРАНИЧЕННОЙ ОТВЕТСТВЕННОСТЬЮ ""СЕВЕРО-ЗАПАДНАЯ КОНЦЕССИОННАЯ КОМПАНИЯ""",999900,7979202,08,RU000A0JRU46,29.03.2023
4B02-03-36442-R-001P,"ООО ""БАЛТИЙСКИЙ ЛИЗИНГ""",972500,8509375,09,RU000A101Z66,26.01.2023
4B02-04-36442-R-001P,"ООО ""БАЛТИЙСКИЙ ЛИЗИНГ""",977800,9778,09,RU000A103M10,26.05.2023
4B02-03-36403-R-001P,"ООО ""БКЕ""",996100,9961,09,RU000A100G03,16.06.2023
4-01-36400-R-003P,"ООО ""ГАЗПРОМ КАПИТАЛ""",1095365,"66 979,2694835",09,RU000A105A95,28.04.2034
4-02-36400-R-003P,"ООО ""ГАЗПРОМ КАПИТАЛ""",976288,"62 314,4128352",09,RU000A105BL8,17.11.2023
4-03-36400-R-001P,"ООО ""ГАЗПРОМ КАПИТАЛ""",968400,4 842 000,09,RU000A103QN7,30.12.9999
4-03-36400-R-003P,"ООО ""ГАЗПРОМ КАПИТАЛ""",780265,"49 802,6763935",09,RU000A105BY1,17.11.2028
4-04-36400-R-003P,"ООО ""ГАЗПРОМ КАПИТАЛ""",927877,"59 224,4403683",09,RU000A105C51,22.11.2024
4-07-36400-R,"ООО ""ГАЗПРОМ КАПИТАЛ""",1010000,"61 759,379",09,RU000A1056U0,23.03.2027
4B02-01-36400-R,"ООО ""ГАЗПРОМ КАПИТАЛ""",960500,9605,095,RU000A0ZYUV5,14.02.2028
4B02-02-36400-R,"ООО ""ГАЗПРОМ КАПИТАЛ""",984000,984,095,RU000A0ZYUW3,14.02.2028
4B02-02-36400-R-001P,"ООО ""ГАЗПРОМ КАПИТАЛ""",989900,9899,095,RU000A100LL8,10.07.2024
4B02-03-36400-R,"ООО ""ГАЗПРОМ КАПИТАЛ""",967600,9676,095,RU000A0ZYUY9,14.02.2028
4B02-03-36400-R-001P,"ООО ""ГАЗПРОМ КАПИТАЛ""",928100,9281,095,RU000A101QM3,26.05.2025
4B02-04-36400-R,"ООО ""ГАЗПРОМ КАПИТАЛ""",965100,9651,095,RU000A0ZYV04,14.02.2028
4B02-04-36400-R-001P,"ООО ""ГАЗПРОМ КАПИТАЛ""",882800,8828,095,RU000A101QN1,24.05.2027
4B02-05-36400-R,"ООО ""ГАЗПРОМ КАПИТАЛ""",1002500,"1 002,5",095,RU000A0JXFS8,02.02.2027
4B02-01-36241-R-001P,"ООО ""ИКС 5 ФИНАНС""",1023495,"1 023,495",09,RU000A0JWUD1,10.09.2031
4B02-01-36241-R-002P,"ООО ""ИКС 5 ФИНАНС""",982900,9829,09,RU000A103N76,19.08.2036
4B02-03-36241-R-001P,"ООО ""ИКС 5 ФИНАНС""",974900,9749,09,RU000A0ZZ083,07.03.2033
4B02-12-36241-R-001P,"ООО ""ИКС 5 ФИНАНС""",986000,986,09,RU000A101UQ6,11.06.2035
4B02-02-00443-R-001P,"ООО ""ЛАЛ-1520""",981667,711708575,09,RU000A101D54,26.01.2023
4B02-04-36420-R-001P,"ООО ""ЛЕНТА""",989100,9891,09,RU000A101R33,30.05.2023
4B02-03-36393-R-001P,"ООО ""СУЭК - ФИНАНС""",996100,9961,09,RU000A100VG7,12.09.2029
4B02-04-36393-R-001P,"ООО ""СУЭК - ФИНАНС""",994900,9949,09,RU000A100Y50,05.10.2029
4B02-05-36393-R-001P,"ООО ""СУЭК - ФИНАНС""",948700,9487,09,RU000A101CQ4,15.01.2030
4B02-06-36393-R-001P,"ООО ""СУЭК - ФИНАНС""",965100,9651,09,RU000A102986,09.10.2030
4B02-05-32432-H-001P,"ОТКРЫТОЕ АКЦИОНЕРНОЕ ОБЩЕСТВО ""ГОСУДАРСТВЕННАЯ ТРАНСПОРТНАЯ ЛИЗИНГОВАЯ КОМПАНИЯ""",987427,"19 623,2034223225",085,RU000A0JY023,21.02.2023
4B02-04-32501-D,"ОТКРЫТОЕ АКЦИОНЕРНОЕ ОБЩЕСТВО ""МЕЖРЕГИОНАЛЬНАЯ РАСПРЕДЕЛИТЕЛЬНАЯ СЕТЕВАЯ КОМПАНИЯ УРАЛА""",984000,984,095,RU000A100ZD5,16.10.2029
4-02-65045-D-001P,"ОТКРЫТОЕ АКЦИОНЕРНОЕ ОБЩЕСТВО ""РОССИЙСКИЕ ЖЕЛЕЗНЫЕ ДОРОГИ""",896300,8963,09,RU000A101Y18,30.12.9999
4-19-65045-D,"ОТКРЫТОЕ АКЦИОНЕРНОЕ ОБЩЕСТВО ""РОССИЙСКИЕ ЖЕЛЕЗНЫЕ ДОРОГИ""",995100,9951,095,RU000A0JQ7Z2,27.06.2024
4-23-65045-D,"ОТКРЫТОЕ АКЦИОНЕРНОЕ ОБЩЕСТВО ""РОССИЙСКИЕ ЖЕЛЕЗНЫЕ ДОРОГИ""",986300,9863,095,RU000A0JQRD9,26.12.2024
4-28-65045-D,"ОТКРЫТОЕ АКЦИОНЕРНОЕ ОБЩЕСТВО ""РОССИЙСКИЕ ЖЕЛЕЗНЫЕ ДОРОГИ""",982200,9822,095,RU000A0JTU85,20.03.2028
4-30-65045-D,"ОТКРЫТОЕ АКЦИОНЕРНОЕ ОБЩЕСТВО ""РОССИЙСКИЕ ЖЕЛЕЗНЫЕ ДОРОГИ""",973700,9737,095,RU000A0JUAH8,03.11.2028
4-32-65045-D,"ОТКРЫТОЕ АКЦИОНЕРНОЕ ОБЩЕСТВО ""РОССИЙСКИЕ ЖЕЛЕЗНЫЕ ДОРОГИ""",1010000,1 010,095,RU000A0JSGV0,24.06.2032
4-33-65045-D,"ОТКРЫТОЕ АКЦИОНЕРНОЕ ОБЩЕСТВО ""РОССИЙСКИЕ ЖЕЛЕЗНЫЕ ДОРОГИ""",1000000,1 000,095,RU000A0JVB19,27.02.2040
4-34-65045-D,"ОТКРЫТОЕ АКЦИОНЕРНОЕ ОБЩЕСТВО ""РОССИЙСКИЕ ЖЕЛЕЗНЫЕ ДОРОГИ""",1000000,1 000,095,RU000A0JVB27,27.02.2040
4-35-65045-D,"ОТКРЫТОЕ АКЦИОНЕРНОЕ ОБЩЕСТВО ""РОССИЙСКИЕ ЖЕЛЕЗНЫЕ ДОРОГИ""",1000000,1 000,095,RU000A0JVKH5,29.05.2040
4-36-65045-D,"ОТКРЫТОЕ АКЦИОНЕРНОЕ ОБЩЕСТВО ""РОССИЙСКИЕ ЖЕЛЕЗНЫЕ ДОРОГИ""",1000900,"1 000,9",095,RU000A0JVY04,12.10.2040
4-41-65045-D,"ОТКРЫТОЕ АКЦИОНЕРНОЕ ОБЩЕСТВО ""РОССИЙСКИЕ ЖЕЛЕЗНЫЕ ДОРОГИ""",1000000,1 000,095,RU000A0JX1S1,26.11.2031
4B02-01-65045-D-001P,"ОТКРЫТОЕ АКЦИОНЕРНОЕ ОБЩЕСТВО ""РОССИЙСКИЕ ЖЕЛЕЗНЫЕ ДОРОГИ""",1003300,"1 003,3",095,RU000A0JXN05,17.05.2032
4B02-02-65045-D,"ОТКРЫТОЕ АКЦИОНЕРНОЕ ОБЩЕСТВО ""РОССИЙСКИЕ ЖЕЛЕЗНЫЕ ДОРОГИ""",1007000,1 007,095,RU000A0JVW71,07.10.2025
4B02-02-65045-D-001P,"ОТКРЫТОЕ АКЦИОНЕРНОЕ ОБЩЕСТВО ""РОССИЙСКИЕ ЖЕЛЕЗНЫЕ ДОРОГИ""",987000,987,095,RU000A0JXQ44,01.04.2037
4B02-03-65045-D-001P,"ОТКРЫТОЕ АКЦИОНЕРНОЕ ОБЩЕСТВО ""РОССИЙСКИЕ ЖЕЛЕЗНЫЕ ДОРОГИ""",985900,9859,095,RU000A0JXR84,22.04.2037
4B02-04-65045-D-001P,"ОТКРЫТОЕ АКЦИОНЕРНОЕ ОБЩЕСТВО ""РОССИЙСКИЕ ЖЕЛЕЗНЫЕ ДОРОГИ""",975700,9757,095,RU000A0JXZB2,28.07.2032
4B02-05-65045-D-001P,"ОТКРЫТОЕ АКЦИОНЕРНОЕ ОБЩЕСТВО ""РОССИЙСКИЕ ЖЕЛЕЗНЫЕ ДОРОГИ""",954000,954,095,RU000A0ZYU05,31.01.2033
4B02-06-65045-D-001P,"ОТКРЫТОЕ АКЦИОНЕРНОЕ ОБЩЕСТВО ""РОССИЙСКИЕ ЖЕЛЕЗНЫЕ ДОРОГИ""",994600,9946,095,RU000A0ZZ4P9,01.04.2033
4B02-07-65045-D,"ОТКРЫТОЕ АКЦИОНЕРНОЕ ОБЩЕСТВО ""РОССИЙСКИЕ ЖЕЛЕЗНЫЕ ДОРОГИ""",962800,9628,095,RU000A0JWC82,16.03.2026
4B02-07-65045-D-001P,"ОТКРЫТОЕ АКЦИОНЕРНОЕ ОБЩЕСТВО ""РОССИЙСКИЕ ЖЕЛЕЗНЫЕ ДОРОГИ""",971600,9716,095,RU000A0ZZ9R4,25.05.2033
4B02-08-65045-D-001P,"ОТКРЫТОЕ АКЦИОНЕРНОЕ ОБЩЕСТВО ""РОССИЙСКИЕ ЖЕЛЕЗНЫЕ ДОРОГИ""",1001100,"1 001,1",095,RU000A0ZZGT5,02.08.2028
4B02-09-65045-D-001P,"ОТКРЫТОЕ АКЦИОНЕРНОЕ ОБЩЕСТВО ""РОССИЙСКИЕ ЖЕЛЕЗНЫЕ ДОРОГИ""",876080,87608,095,RU000A0ZZRY2,13.10.2033
4B02-12-65045-D-001P,"ОТКРЫТОЕ АКЦИОНЕРНОЕ ОБЩЕСТВО ""РОССИЙСКИЕ ЖЕЛЕЗНЫЕ ДОРОГИ""",1006100,"1 006,1",095,RU000A1002C2,25.01.2024
4B02-13-65045-D-001P,"ОТКРЫТОЕ АКЦИОНЕРНОЕ ОБЩЕСТВО ""РОССИЙСКИЕ ЖЕЛЕЗНЫЕ ДОРОГИ""",1001400,"1 001,4",095,RU000A1007Z2,16.03.2029
4B02-14-65045-D-001P,"ОТКРЫТОЕ АКЦИОНЕРНОЕ ОБЩЕСТВО ""РОССИЙСКИЕ ЖЕЛЕЗНЫЕ ДОРОГИ""",1023400,"1 023,4",095,RU000A1008D7,03.05.2029
4B02-16-65045-D-001P,"ОТКРЫТОЕ АКЦИОНЕРНОЕ ОБЩЕСТВО ""РОССИЙСКИЕ ЖЕЛЕЗНЫЕ ДОРОГИ""",976100,9761,095,RU000A100HY9,24.06.2026
4B02-17-65045-D,"ОТКРЫТОЕ АКЦИОНЕРНОЕ ОБЩЕСТВО ""РОССИЙСКИЕ ЖЕЛЕЗНЫЕ ДОРОГИ""",1037100,"1 037,1",095,RU000A0JWHU2,25.04.2041
4B02-17-65045-D-001P,"ОТКРЫТОЕ АКЦИОНЕРНОЕ ОБЩЕСТВО ""РОССИЙСКИЕ ЖЕЛЕЗНЫЕ ДОРОГИ""",944700,9447,095,RU000A1010M4,31.10.2025
4B02-18-65045-D-001P,"ОТКРЫТОЕ АКЦИОНЕРНОЕ ОБЩЕСТВО ""РОССИЙСКИЕ ЖЕЛЕЗНЫЕ ДОРОГИ""",997000,997,095,RU000A101H84,19.02.2030
4B02-20-65045-D-001P,"ОТКРЫТОЕ АКЦИОНЕРНОЕ ОБЩЕСТВО ""РОССИЙСКИЕ ЖЕЛЕЗНЫЕ ДОРОГИ""",935900,9359,095,RU000A101M04,12.03.2027
4B02-21-65045-D-001P,"ОТКРЫТОЕ АКЦИОНЕРНОЕ ОБЩЕСТВО ""РОССИЙСКИЕ ЖЕЛЕЗНЫЕ ДОРОГИ""",913600,9136,095,RU000A102QP4,10.06.2027
4B02-24-65045-D-001P,"ОТКРЫТОЕ АКЦИОНЕРНОЕ ОБЩЕСТВО ""РОССИЙСКИЕ ЖЕЛЕЗНЫЕ ДОРОГИ""",1116700,"1 116,7",095,RU000A104SX0,29.04.2027
4B02-01-00207-A-001P,"ПАО ""АКРОН""",900900,9009,09,RU000A0JWV89,23.09.2026
4B02-02-00207-A-001P,"ПАО ""АКРОН""",961200,9612,09,RU000A0JXSS1,24.05.2027
4B02-03-00207-A-001P,"ПАО ""АКРОН""",997600,9976,09,RU000A100YU2,20.04.2023
4B02-01-00010-A-001P,"ПАО ""АЭРОФЛОТ""",947900,9479,09,RU000A103943,10.06.2026
4B02-01-00146-A-003P,"ПАО ""ГАЗПРОМ НЕФТЬ""",970100,9701,095,RU000A101137,01.11.2024
4B02-02-00146-A-003P,"ПАО ""ГАЗПРОМ НЕФТЬ""",879200,8792,095,RU000A1017J5,06.12.2029
4B02-03-00146-A,"ПАО ""ГАЗПРОМ НЕФТЬ""",985600,9856,095,RU000A0JWK41,26.04.2046
4B02-03-00146-A-003P,"ПАО ""ГАЗПРОМ НЕФТЬ""",948800,9488,095,RU000A101GJ0,19.02.2025
4B02-04-00146-A-001P,"ПАО ""ГАЗПРОМ НЕФТЬ""",997100,9971,095,RU000A0ZYLC4,11.12.2024
4B02-05-00146-A-001P,"ПАО ""ГАЗПРОМ НЕФТЬ""",1008500,"1 008,5",095,RU000A0ZYLQ4,13.12.2024
4B02-06-00146-A-001P,"ПАО ""ГАЗПРОМ НЕФТЬ""",990800,9908,095,RU000A0ZYXV9,06.03.2024
4B02-22-00028-A,"ПАО ""ГАЗПРОМ""",982500,9825,095,RU000A0ZZES2,10.06.2048
4B02-23-00028-A,"ПАО ""ГАЗПРОМ""",980300,9803,095,RU000A0ZZET0,10.06.2048
4B02-01-40155-F-001P,"ПАО ""ГМК ""НОРИЛЬСКИЙ НИКЕЛЬ""",984000,984,095,RU000A100VQ6,23.09.2024
4B02-02-40155-F-001P,"ПАО ""ГМК ""НОРИЛЬСКИЙ НИКЕЛЬ""",1021800,"1 021,8",095,RU000A105A61,05.10.2027
4B02-06-00844-A,"ПАО ""ДЕТСКИЙ МИР""",987100,9871,09,RU000A101MT7,28.04.2027
4B02-01-60525-P-002P,"ПАО ""МАГНИТ""",997600,9976,09,RU000A101HJ8,01.03.2023
4B02-02-60525-P-002P,"ПАО ""МАГНИТ""",995200,9952,09,RU000A101MC3,25.04.2023
4B02-03-60525-P-002P,"ПАО ""МАГНИТ""",991000,991,09,RU000A101PJ1,18.05.2023
4B02-04-60525-P-002P,"ПАО ""МАГНИТ""",979300,9793,09,RU000A1036H9,28.05.2024
4B02-05-60525-P-001P,"ПАО ""МАГНИТ""",978500,9785,09,RU000A1036M9,28.05.2024
4B02-05-60525-P-003P,"ПАО ""МАГНИТ""",999400,9994,09,RU000A1018X4,21.12.2022
4B02-06-00822-J-001P,"ПАО ""МЕГАФОН""",991700,9917,095,RU000A1006G4,07.03.2024
4B02-02-65116-D-001P,"ПАО ""МОЭК""",995900,9959,095,RU000A101FY1,13.02.2025
4B02-01-55192-E-001P,"ПАО ""ПОЛЮС""",976300,9763,09,RU000A100XC2,28.09.2029
4B02-03-00073-A,"ПАО ""РОССЕТИ ЛЕНЭНЕРГО""",992500,9925,095,RU000A101DE8,28.01.2025
4B02-04-00073-A,"ПАО ""РОССЕТИ ЛЕНЭНЕРГО""",992300,9923,095,RU000A101DF5,28.01.2025
4B02-01-12665-E-001P,"ПАО ""РОССЕТИ ЦЕНТР И ПРИВОЛЖЬЕ""",984500,9845,095,RU000A101RF5,01.06.2023
4-08-55038-E,"ПАО ""РУСГИДРО""",987400,9874,095,RU000A0JTMK9,01.02.2023
4-09-55038-E,"ПАО ""РУСГИДРО""",996700,9967,095,RU000A0JVD25,14.04.2025
4B02-06-55038-E-001P,"ПАО ""РУСГИДРО""",992000,992,095,RU000A1057P8,15.09.2026
4B02-01-65134-D-001P,"ПАО ""СИБУР ХОЛДИНГ""",1009300,"1 009,3",095,RU000A104XW2,19.01.2026
4B02-03-65134-D,"ПАО ""СИБУР ХОЛДИНГ""",979700,9797,095,RU000A103DS4,30.06.2031
4B02-01-00161-A-001P,"ПАО ""ТАТНЕФТЬ"" ИМ. В.Д. ШАШИНА",1000200,"1 000,2",095,RU000A1018K1,19.12.2022
4B02-01-00206-A-001P,"ПАО ""ТРАНСНЕФТЬ""",1007000,1 007,095,RU000A0JWK90,01.06.2023
4B02-03-00206-A-001P,"ПАО ""ТРАНСНЕФТЬ""",1012200,"1 012,2",095,RU000A0JWPW1,02.08.2023
4B02-05-00206-A-001P,"ПАО ""ТРАНСНЕФТЬ""",1006600,"1 006,6",095,RU000A0JXC24,25.01.2024
4B02-08-00206-A-001P,"ПАО ""ТРАНСНЕФТЬ""",983100,9831,095,RU000A0ZYDD9,08.10.2025
4B02-13-00206-A-001P,"ПАО ""ТРАНСНЕФТЬ""",944500,9445,095,RU000A1010B7,29.10.2026
4B02-04-00296-A-001P,"ПАО ""УРАЛКАЛИЙ""",995500,9955,09,RU000A0ZZ9W4,08.06.2023
4B02-06-00296-A-001P,"ПАО ""УРАЛКАЛИЙ""",952300,9523,09,RU000A101GZ6,21.02.2025
4B02-02-10214-A-001P,ПАО «РОССЕТИ ЦЕНТР»,885239,885239,095,RU000A101RH1,01.06.2023
4B02-01-55194-E,ПАО «ТРАНСКОНТЕЙНЕР»,997700,249425,095,RU000A0ZYPG6,18.01.2023
4B02-01-55194-E-001P,ПАО «ТРАНСКОНТЕЙНЕР»,979000,979,095,RU000A100YE6,18.04.2023
4-06-00013-A,"ПАО АНК ""БАШНЕФТЬ""",1000100,"1 000,1",095,RU000A0JTM28,30.01.2023
4-07-00013-A,"ПАО АНК ""БАШНЕФТЬ""",1000300,"1 000,3",095,RU000A0JTM36,30.01.2023
4-08-00013-A,"ПАО АНК ""БАШНЕФТЬ""",1000000,1 000,095,RU000A0JTM44,30.01.2023
4-09-00013-A,"ПАО АНК ""БАШНЕФТЬ""",1004500,"1 004,5",095,RU000A0JTM51,30.01.2023
4B02-06-00013-A,"ПАО АНК ""БАШНЕФТЬ""",1000400,"1 000,4",095,RU000A0JWGC2,28.04.2026
4B02-08-00013-A,"ПАО АНК ""БАШНЕФТЬ""",1037200,"1 037,2",095,RU000A0JWGD0,28.04.2026
4B02-01-01669-A-001P,"ПАО АФК ""СИСТЕМА""",1028400,"1 028,4",09,RU000A0JVUK8,29.09.2025
4B02-04-01669-A-001P,"ПАО АФК ""СИСТЕМА""",980600,9806,09,RU000A0JWYQ5,29.10.2026
4B02-05-01669-A-001P,"ПАО АФК ""СИСТЕМА""",965100,9651,09,RU000A0JWZY6,12.11.2026
4B02-06-01669-A-001P,"ПАО АФК ""СИСТЕМА""",1026100,"1 026,1",09,RU000A0JXN21,25.03.2027
4B02-07-01669-A-001P,"ПАО АФК ""СИСТЕМА""",928600,9286,09,RU000A0ZYQY7,20.01.2028
4B02-09-01669-A-001P,"ПАО АФК ""СИСТЕМА""",1034300,"1 034,3",09,RU000A1005L6,20.02.2029
4B02-10-01669-A-001P,"ПАО АФК ""СИСТЕМА""",999800,9998,09,RU000A1008J4,22.03.2029
4B02-11-01669-A-001P,"ПАО АФК ""СИСТЕМА""",1000200,"1 000,2",09,RU000A100N12,13.07.2029
4B02-12-01669-A-001P,"ПАО АФК ""СИСТЕМА""",960600,9606,09,RU000A101012,22.10.2029
4B02-13-01669-A-001P,"ПАО АФК ""СИСТЕМА""",947900,9479,09,RU000A101Q26,14.05.2030
4B02-14-01669-A-001P,"ПАО АФК ""СИСТЕМА""",985400,9854,09,RU000A101XN7,09.07.2030
4B02-15-01669-A-001P,"ПАО АФК ""СИСТЕМА""",944700,9447,09,RU000A1023K1,23.08.2030
4B02-16-01669-A-001P,"ПАО АФК ""СИСТЕМА""",992800,9928,09,RU000A102FS1,22.11.2030
4B02-17-01669-A-001P,"ПАО АФК ""СИСТЕМА""",924900,9249,09,RU000A102FT9,22.11.2030
4B02-18-01669-A-001P,"ПАО АФК ""СИСТЕМА""",977100,9771,09,RU000A102SV8,14.02.2031
4B02-19-01669-A-001P,"ПАО АФК ""СИСТЕМА""",943100,9431,09,RU000A102SX4,14.02.2031
4B02-20-01669-A-001P,"ПАО АФК ""СИСТЕМА""",932000,932,09,RU000A103372,29.04.2031
4B02-21-01669-A-001P,"ПАО АФК ""СИСТЕМА""",941400,9414,09,RU000A103C95,20.06.2031
4B02-23-01669-A-001P,"ПАО АФК ""СИСТЕМА""",1008100,"1 008,1",09,RU000A104693,20.11.2031
4B02-03-87154-H-002P,"ПУБЛИЧНОЕ АКЦИОНЕРНОЕ ОБЩЕСТВО ГРУППА КОМПАНИЙ ""СЕГЕЖА""",1019900,"1 019,9",08,RU000A104FG2,31.12.2036
4B02-04-87154-H-002P,"ПУБЛИЧНОЕ АКЦИОНЕРНОЕ ОБЩЕСТВО ГРУППА КОМПАНИЙ ""СЕГЕЖА""",1018000,1 018,08,RU000A104UA4,08.05.2037
4B02-01-65105-D-002P,"ПУБЛИЧНОЕ АКЦИОНЕРНОЕ ОБЩЕСТВО ""ВТОРАЯ ГЕНЕРИРУЮЩАЯ КОМПАНИЯ ОПТОВОГО РЫНКА ЭЛЕКТРОЭНЕРГИИ""",983300,9833,095,RU000A101WR0,07.07.2026
4B02-03-65105-D-001P,"ПУБЛИЧНОЕ АКЦИОНЕРНОЕ ОБЩЕСТВО ""ВТОРАЯ ГЕНЕРИРУЮЩАЯ КОМПАНИЯ ОПТОВОГО РЫНКА ЭЛЕКТРОЭНЕРГИИ""",980900,9809,095,RU000A0ZZ1H2,30.03.2023
4B02-02-10797-A-001P,"ПУБЛИЧНОЕ АКЦИОНЕРНОЕ ОБЩЕСТВО ""ГРУППА ЧЕРКИЗОВО""",994500,9945,09,RU000A1013Y3,24.05.2023
4B02-03-10797-A-001P,"ПУБЛИЧНОЕ АКЦИОНЕРНОЕ ОБЩЕСТВО ""ГРУППА ЧЕРКИЗОВО""",974700,9747,09,RU000A1024W4,14.03.2024
4B02-04-10797-A-001P,"ПУБЛИЧНОЕ АКЦИОНЕРНОЕ ОБЩЕСТВО ""ГРУППА ЧЕРКИЗОВО""",974600,9746,09,RU000A102LD1,18.12.2025
4-09-55010-D,"ПУБЛИЧНОЕ АКЦИОНЕРНОЕ ОБЩЕСТВО ""КАМАЗ""",1003700,"1 003,7",09,RU000A0ZZ885,06.05.2033
4-10-55010-D,"ПУБЛИЧНОЕ АКЦИОНЕРНОЕ ОБЩЕСТВО ""КАМАЗ""",1000400,"1 000,4",09,RU000A0ZZ877,06.05.2033
4-11-55010-D,"ПУБЛИЧНОЕ АКЦИОНЕРНОЕ ОБЩЕСТВО ""КАМАЗ""",1001600,"1 001,6",09,RU000A0ZZ893,06.05.2033
4B02-07-55010-D-001P,"ПУБЛИЧНОЕ АКЦИОНЕРНОЕ ОБЩЕСТВО ""КАМАЗ""",989200,9892,09,RU000A101SM9,06.06.2023
4B02-08-55010-D-001P,"ПУБЛИЧНОЕ АКЦИОНЕРНОЕ ОБЩЕСТВО ""КАМАЗ""",997500,9975,09,RU000A103DP0,07.07.2023
4B02-09-55010-D-001P,"ПУБЛИЧНОЕ АКЦИОНЕРНОЕ ОБЩЕСТВО ""КАМАЗ""",1011800,"1 011,8",09,RU000A1043N3,21.11.2023
4B02-01-16419-A-001P,"ПУБЛИЧНОЕ АКЦИОНЕРНОЕ ОБЩЕСТВО ""ЛИЗИНГОВАЯ КОМПАНИЯ ""ЕВРОПЛАН""",958000,958,09,RU000A102RU2,13.11.2023
4B02-02-16419-A-001P,"ПУБЛИЧНОЕ АКЦИОНЕРНОЕ ОБЩЕСТВО ""ЛИЗИНГОВАЯ КОМПАНИЯ ""ЕВРОПЛАН""",978200,73365,09,RU000A1034J0,16.02.2023
4B02-03-16419-A-001P,"ПУБЛИЧНОЕ АКЦИОНЕРНОЕ ОБЩЕСТВО ""ЛИЗИНГОВАЯ КОМПАНИЯ ""ЕВРОПЛАН""",957500,9575,09,RU000A103KJ8,07.08.2031
4B02-03-56453-P,"ПУБЛИЧНОЕ АКЦИОНЕРНОЕ ОБЩЕСТВО ""ЛИЗИНГОВАЯ КОМПАНИЯ ""ЕВРОПЛАН""",989500,9895,09,RU000A100W60,19.09.2029
4B02-04-16419-A-001P,"ПУБЛИЧНОЕ АКЦИОНЕРНОЕ ОБЩЕСТВО ""ЛИЗИНГОВАЯ КОМПАНИЯ ""ЕВРОПЛАН""",991500,9915,09,RU000A103S14,26.12.2022
4B02-05-56453-P,"ПУБЛИЧНОЕ АКЦИОНЕРНОЕ ОБЩЕСТВО ""ЛИЗИНГОВАЯ КОМПАНИЯ ""ЕВРОПЛАН""",937900,9379,09,RU000A1004K1,13.02.2029
4B02-06-56453-P,"ПУБЛИЧНОЕ АКЦИОНЕРНОЕ ОБЩЕСТВО ""ЛИЗИНГОВАЯ КОМПАНИЯ ""ЕВРОПЛАН""",996000,7968,09,RU000A100DG5,22.05.2023
4B02-07-56453-P,"ПУБЛИЧНОЕ АКЦИОНЕРНОЕ ОБЩЕСТВО ""ЛИЗИНГОВАЯ КОМПАНИЯ ""ЕВРОПЛАН""",981000,981,09,RU000A0JWVL2,28.09.2026
4B02-08-56453-P,"ПУБЛИЧНОЕ АКЦИОНЕРНОЕ ОБЩЕСТВО ""ЛИЗИНГОВАЯ КОМПАНИЯ ""ЕВРОПЛАН""",1000700,"1 000,7",09,RU000A0ZZBV2,19.06.2028
4B02-01-04715-A,"ПУБЛИЧНОЕ АКЦИОНЕРНОЕ ОБЩЕСТВО ""МОБИЛЬНЫЕ ТЕЛЕСИСТЕМЫ""",995400,9954,095,RU000A0JTTA5,21.03.2023
4B02-02-04715-A,"ПУБЛИЧНОЕ АКЦИОНЕРНОЕ ОБЩЕСТВО ""МОБИЛЬНЫЕ ТЕЛЕСИСТЕМЫ""",930000,930,095,RU000A0JWRV9,14.08.2031
4B02-06-04715-A-001P,"ПУБЛИЧНОЕ АКЦИОНЕРНОЕ ОБЩЕСТВО ""МОБИЛЬНЫЕ ТЕЛЕСИСТЕМЫ""",969500,9695,095,RU000A0ZYWY5,25.02.2025
4B02-07-04715-A-001P,"ПУБЛИЧНОЕ АКЦИОНЕРНОЕ ОБЩЕСТВО ""МОБИЛЬНЫЕ ТЕЛЕСИСТЕМЫ""",1005400,"1 005,4",095,RU000A100238,22.01.2024
4B02-09-04715-A-001P,"ПУБЛИЧНОЕ АКЦИОНЕРНОЕ ОБЩЕСТВО ""МОБИЛЬНЫЕ ТЕЛЕСИСТЕМЫ""",1004500,"1 004,5",095,RU000A100A66,11.10.2024
4B02-10-04715-A-001P,"ПУБЛИЧНОЕ АКЦИОНЕРНОЕ ОБЩЕСТВО ""МОБИЛЬНЫЕ ТЕЛЕСИСТЕМЫ""",981300,9813,095,RU000A100HU7,24.06.2025
4B02-12-04715-A-001P,"ПУБЛИЧНОЕ АКЦИОНЕРНОЕ ОБЩЕСТВО ""МОБИЛЬНЫЕ ТЕЛЕСИСТЕМЫ""",988000,988,095,RU000A100ZK0,25.10.2023
4B02-13-04715-A-001P,"ПУБЛИЧНОЕ АКЦИОНЕРНОЕ ОБЩЕСТВО ""МОБИЛЬНЫЕ ТЕЛЕСИСТЕМЫ""",999100,9991,095,RU000A101939,21.12.2022
4B02-14-04715-A-001P,"ПУБЛИЧНОЕ АКЦИОНЕРНОЕ ОБЩЕСТВО ""МОБИЛЬНЫЕ ТЕЛЕСИСТЕМЫ""",910200,9102,095,RU000A101FH6,10.02.2027
4B02-15-04715-A-001P,"ПУБЛИЧНОЕ АКЦИОНЕРНОЕ ОБЩЕСТВО ""МОБИЛЬНЫЕ ТЕЛЕСИСТЕМЫ""",935200,9352,095,RU000A101NG2,03.11.2026
4B02-18-04715-A-001P,"ПУБЛИЧНОЕ АКЦИОНЕРНОЕ ОБЩЕСТВО ""МОБИЛЬНЫЕ ТЕЛЕСИСТЕМЫ""",981500,9815,095,RU000A102VL3,21.03.2024
4B02-20-04715-A-001P,"ПУБЛИЧНОЕ АКЦИОНЕРНОЕ ОБЩЕСТВО ""МОБИЛЬНЫЕ ТЕЛЕСИСТЕМЫ""",1080000,1 080,095,RU000A104SU6,30.04.2026
4B02-21-04715-A-001P,"ПУБЛИЧНОЕ АКЦИОНЕРНОЕ ОБЩЕСТВО ""МОБИЛЬНЫЕ ТЕЛЕСИСТЕМЫ""",1022900,"1 022,9",095,RU000A104WJ1,19.06.2026
4B02-22-04715-A-001P,"ПУБЛИЧНОЕ АКЦИОНЕРНОЕ ОБЩЕСТВО ""МОБИЛЬНЫЕ ТЕЛЕСИСТЕМЫ""",1000000,1 000,095,RU000A1051T3,02.08.2024
4B02-01-55039-E-001P,"ПУБЛИЧНОЕ АКЦИОНЕРНОЕ ОБЩЕСТВО ""МОСКОВСКАЯ ОБЪЕДИНЕННАЯ ЭНЕРГЕТИЧЕСКАЯ КОМПАНИЯ""",963400,9634,09,RU000A1005H4,25.02.2025
4B02-02-55039-E-001P,"ПУБЛИЧНОЕ АКЦИОНЕРНОЕ ОБЩЕСТВО ""МОСКОВСКАЯ ОБЪЕДИНЕННАЯ ЭНЕРГЕТИЧЕСКАЯ КОМПАНИЯ""",990400,9904,09,RU000A100AN7,15.04.2025
4B02-03-55039-E-001P,"ПУБЛИЧНОЕ АКЦИОНЕРНОЕ ОБЩЕСТВО ""МОСКОВСКАЯ ОБЪЕДИНЕННАЯ ЭНЕРГЕТИЧЕСКАЯ КОМПАНИЯ""",1000600,"1 000,6",09,RU000A101228,06.11.2025
4B02-04-55039-E-001P,"ПУБЛИЧНОЕ АКЦИОНЕРНОЕ ОБЩЕСТВО ""МОСКОВСКАЯ ОБЪЕДИНЕННАЯ ЭНЕРГЕТИЧЕСКАЯ КОМПАНИЯ""",979200,9792,09,RU000A101XS6,14.07.2026
4B02-01-00221-A-001P,"ПУБЛИЧНОЕ АКЦИОНЕРНОЕ ОБЩЕСТВО ""НЕФТЕГАЗОВАЯ КОМПАНИЯ ""СЛАВНЕФТЬ""",946000,946,095,RU000A101T64,03.06.2030
4B02-02-00221-A-001P,"ПУБЛИЧНОЕ АКЦИОНЕРНОЕ ОБЩЕСТВО ""НЕФТЕГАЗОВАЯ КОМПАНИЯ ""СЛАВНЕФТЬ""",995000,995,095,RU000A1007H0,14.03.2029
4B02-03-00221-A-001P,"ПУБЛИЧНОЕ АКЦИОНЕРНОЕ ОБЩЕСТВО ""НЕФТЕГАЗОВАЯ КОМПАНИЯ ""СЛАВНЕФТЬ""",999000,999,095,RU000A1013U1,14.11.2029
4B02-04-00221-A-002P,"ПУБЛИЧНОЕ АКЦИОНЕРНОЕ ОБЩЕСТВО ""НЕФТЕГАЗОВАЯ КОМПАНИЯ ""СЛАВНЕФТЬ""",1018000,1 018,095,RU000A104WF9,10.06.2032
4-16-00077-A,"ПУБЛИЧНОЕ АКЦИОНЕРНОЕ ОБЩЕСТВО ""НЕФТЯНАЯ КОМПАНИЯ ""ЛУКОЙЛ""",1000957,"61 206,4185403",09,RU000A1059M1,24.04.2023
4-17-00077-A,"ПУБЛИЧНОЕ АКЦИОНЕРНОЕ ОБЩЕСТВО ""НЕФТЯНАЯ КОМПАНИЯ ""ЛУКОЙЛ""",1008640,"61 676,217856",09,RU000A1059N9,02.11.2026
4-18-00077-A,"ПУБЛИЧНОЕ АКЦИОНЕРНОЕ ОБЩЕСТВО ""НЕФТЯНАЯ КОМПАНИЯ ""ЛУКОЙЛ""",901693,"55 136,6333947",09,RU000A1059P4,26.04.2027
4-19-00077-A,"ПУБЛИЧНОЕ АКЦИОНЕРНОЕ ОБЩЕСТВО ""НЕФТЯНАЯ КОМПАНИЯ ""ЛУКОЙЛ""",876518,"53 597,2350122",09,RU000A1059Q2,06.05.2030
4-20-00077-A,"ПУБЛИЧНОЕ АКЦИОНЕРНОЕ ОБЩЕСТВО ""НЕФТЯНАЯ КОМПАНИЯ ""ЛУКОЙЛ""",864594,"52 868,1074526",09,RU000A1059R0,26.10.2031
4B02-03-65116-D-001P,"ПУБЛИЧНОЕ АКЦИОНЕРНОЕ ОБЩЕСТВО ""РОССЕТИ МОСКОВСКИЙ РЕГИОН""",974600,9746,095,RU000A101XH9,15.07.2025
4B02-01-00124-A,"ПУБЛИЧНОЕ АКЦИОНЕРНОЕ ОБЩЕСТВО ""РОСТЕЛЕКОМ""",974400,9744,095,RU000A0JVFC6,15.05.2025
4B02-01-00124-A-001P,"ПУБЛИЧНОЕ АКЦИОНЕРНОЕ ОБЩЕСТВО ""РОСТЕЛЕКОМ""",969600,9696,095,RU000A0JWTN2,09.09.2026
4B02-01-00124-A-002P,"ПУБЛИЧНОЕ АКЦИОНЕРНОЕ ОБЩЕСТВО ""РОСТЕЛЕКОМ""",959800,9598,095,RU000A101541,26.11.2025
4B02-02-00124-A-001P,"ПУБЛИЧНОЕ АКЦИОНЕРНОЕ ОБЩЕСТВО ""РОСТЕЛЕКОМ""",1008300,"1 008,3",095,RU000A0JXPN8,13.04.2027
4B02-02-00124-A-002P,"ПУБЛИЧНОЕ АКЦИОНЕРНОЕ ОБЩЕСТВО ""РОСТЕЛЕКОМ""",997000,997,095,RU000A101FC7,13.02.2023
4B02-03-00124-A-001P,"ПУБЛИЧНОЕ АКЦИОНЕРНОЕ ОБЩЕСТВО ""РОСТЕЛЕКОМ""",1007000,1 007,095,RU000A0ZYG52,08.11.2027
4B02-03-00124-A-002P,"ПУБЛИЧНОЕ АКЦИОНЕРНОЕ ОБЩЕСТВО ""РОСТЕЛЕКОМ""",923100,9231,095,RU000A101FG8,09.02.2027
4B02-04-00124-A-001P,"ПУБЛИЧНОЕ АКЦИОНЕРНОЕ ОБЩЕСТВО ""РОСТЕЛЕКОМ""",982400,9824,095,RU000A0ZYYE3,02.03.2028
4B02-04-00124-A-002P,"ПУБЛИЧНОЕ АКЦИОНЕРНОЕ ОБЩЕСТВО ""РОСТЕЛЕКОМ""",996300,9963,095,RU000A101LY9,20.04.2023
4B02-05-00124-A-001P,"ПУБЛИЧНОЕ АКЦИОНЕРНОЕ ОБЩЕСТВО ""РОСТЕЛЕКОМ""",997300,9973,095,RU000A100881,20.03.2029
4B02-06-00124-A-002P,"ПУБЛИЧНОЕ АКЦИОНЕРНОЕ ОБЩЕСТВО ""РОСТЕЛЕКОМ""",960900,9609,095,RU000A103EZ7,16.07.2026
4B02-07-00124-A-002P,"ПУБЛИЧНОЕ АКЦИОНЕРНОЕ ОБЩЕСТВО ""РОСТЕЛЕКОМ""",1083500,"1 083,5",095,RU000A104TD0,07.05.2026
4B02-08-00124-A-002P,"ПУБЛИЧНОЕ АКЦИОНЕРНОЕ ОБЩЕСТВО ""РОСТЕЛЕКОМ""",1027800,"1 027,8",095,RU000A104VS4,10.06.2025
4B02-09-00124-A-002P,"ПУБЛИЧНОЕ АКЦИОНЕРНОЕ ОБЩЕСТВО ""РОСТЕЛЕКОМ""",994400,9944,095,RU000A1051E5,29.01.2026
4B02-06-00143-A,"ПУБЛИЧНОЕ АКЦИОНЕРНОЕ ОБЩЕСТВО ""СЕВЕРСТАЛЬ""",1004600,"1 004,6",095,RU000A1008W7,26.03.2029
4-02-10613-A,"ПУБЛИЧНОЕ АКЦИОНЕРНОЕ ОБЩЕСТВО ""СОВРЕМЕННЫЙ КОММЕРЧЕСКИЙ ФЛОТ""",876680,"53 607,140972",09,RU000A105A87,26.04.2028
4B02-02-29031-H-001P,"ПУБЛИЧНОЕ АКЦИОНЕРНОЕ ОБЩЕСТВО ""ТРУБНАЯ МЕТАЛЛУРГИЧЕСКАЯ КОМПАНИЯ""",979900,9799,08,RU000A102SC8,16.02.2024
4B02-05-29031-H,"ПУБЛИЧНОЕ АКЦИОНЕРНОЕ ОБЩЕСТВО ""ТРУБНАЯ МЕТАЛЛУРГИЧЕСКАЯ КОМПАНИЯ""",1009900,"1 009,9",08,RU000A0JWCM0,31.03.2026
4B02-06-29031-H,"ПУБЛИЧНОЕ АКЦИОНЕРНОЕ ОБЩЕСТВО ""ТРУБНАЯ МЕТАЛЛУРГИЧЕСКАЯ КОМПАНИЯ""",994700,9947,08,RU000A0JXPD9,12.04.2027
4B02-07-29031-H,"ПУБЛИЧНОЕ АКЦИОНЕРНОЕ ОБЩЕСТВО ""ТРУБНАЯ МЕТАЛЛУРГИЧЕСКАЯ КОМПАНИЯ""",991100,9911,08,RU000A0JXSF8,20.05.2027
4-06-00122-A,ПУБЛИЧНОЕ АКЦИОНЕРНОЕ ОБЩЕСТВО «НЕФТЯНАЯ КОМПАНИЯ «РОСНЕФТЬ»,999200,9992,095,RU000A0JTYL2,29.05.2023
4-07-00122-A,ПУБЛИЧНОЕ АКЦИОНЕРНОЕ ОБЩЕСТВО «НЕФТЯНАЯ КОМПАНИЯ «РОСНЕФТЬ»,999400,9994,095,RU000A0JTS06,09.03.2023
4-08-00122-A,ПУБЛИЧНОЕ АКЦИОНЕРНОЕ ОБЩЕСТВО «НЕФТЯНАЯ КОМПАНИЯ «РОСНЕФТЬ»,999400,9994,095,RU000A0JTS22,09.03.2023
4-10-00122-A,ПУБЛИЧНОЕ АКЦИОНЕРНОЕ ОБЩЕСТВО «НЕФТЯНАЯ КОМПАНИЯ «РОСНЕФТЬ»,1001300,"1 001,3",095,RU000A0JTYN8,29.05.2023
4B02-01-00122-A,ПУБЛИЧНОЕ АКЦИОНЕРНОЕ ОБЩЕСТВО «НЕФТЯНАЯ КОМПАНИЯ «РОСНЕФТЬ»,1004700,"1 004,7",095,RU000A0JUFU0,05.02.2024
4B02-01-00122-A-001P,ПУБЛИЧНОЕ АКЦИОНЕРНОЕ ОБЩЕСТВО «НЕФТЯНАЯ КОМПАНИЯ «РОСНЕФТЬ»,995625,995625,095,RU000A0JX132,24.11.2026
4B02-01-00122-A-002P,ПУБЛИЧНОЕ АКЦИОНЕРНОЕ ОБЩЕСТВО «НЕФТЯНАЯ КОМПАНИЯ «РОСНЕФТЬ»,1001500,"1 001,5",095,RU000A0ZYJH7,23.11.2027
4B02-01-00122-A-003P,ПУБЛИЧНОЕ АКЦИОНЕРНОЕ ОБЩЕСТВО «НЕФТЯНАЯ КОМПАНИЯ «РОСНЕФТЬ»,1003300,"1 003,3",095,RU000A102EF1,13.11.2030
4B02-02-00122-A-001P,ПУБЛИЧНОЕ АКЦИОНЕРНОЕ ОБЩЕСТВО «НЕФТЯНАЯ КОМПАНИЯ «РОСНЕФТЬ»,1004800,"1 004,8",095,RU000A0JX355,10.12.2026
4B02-02-00122-A-002P,ПУБЛИЧНОЕ АКЦИОНЕРНОЕ ОБЩЕСТВО «НЕФТЯНАЯ КОМПАНИЯ «РОСНЕФТЬ»,1002500,"1 002,5",095,RU000A0ZYJJ3,23.11.2027
4B02-02-00122-A-003P,ПУБЛИЧНОЕ АКЦИОНЕРНОЕ ОБЩЕСТВО «НЕФТЯНАЯ КОМПАНИЯ «РОСНЕФТЬ»,1000000,1 000,095,RU000A102EE4,13.11.2030
4B02-03-00122-A,ПУБЛИЧНОЕ АКЦИОНЕРНОЕ ОБЩЕСТВО «НЕФТЯНАЯ КОМПАНИЯ «РОСНЕФТЬ»,1020900,"1 020,9",095,RU000A0JV1X3,27.11.2024
4B02-03-00122-A-002P,ПУБЛИЧНОЕ АКЦИОНЕРНОЕ ОБЩЕСТВО «НЕФТЯНАЯ КОМПАНИЯ «РОСНЕФТЬ»,1000000,1 000,095,RU000A0ZYLG5,08.12.2027
4B02-04-00122-A,ПУБЛИЧНОЕ АКЦИОНЕРНОЕ ОБЩЕСТВО «НЕФТЯНАЯ КОМПАНИЯ «РОСНЕФТЬ»,972033,972033,095,RU000A0JV1Y1,27.11.2024
4B02-04-00122-A-001P,ПУБЛИЧНОЕ АКЦИОНЕРНОЕ ОБЩЕСТВО «НЕФТЯНАЯ КОМПАНИЯ «РОСНЕФТЬ»,1000900,"1 000,9",095,RU000A0JXQK2,21.04.2027
4B02-04-00122-A-002P,ПУБЛИЧНОЕ АКЦИОНЕРНОЕ ОБЩЕСТВО «НЕФТЯНАЯ КОМПАНИЯ «РОСНЕФТЬ»,999200,9992,095,RU000A0ZYT40,02.02.2028
4B02-05-00122-A,ПУБЛИЧНОЕ АКЦИОНЕРНОЕ ОБЩЕСТВО «НЕФТЯНАЯ КОМПАНИЯ «РОСНЕФТЬ»,1023000,1 023,095,RU000A0JUCS1,08.12.2023
4B02-05-00122-A-002P,ПУБЛИЧНОЕ АКЦИОНЕРНОЕ ОБЩЕСТВО «НЕФТЯНАЯ КОМПАНИЯ «РОСНЕФТЬ»,987000,987,095,RU000A0ZYVU5,17.02.2028
4B02-06-00122-A,ПУБЛИЧНОЕ АКЦИОНЕРНОЕ ОБЩЕСТВО «НЕФТЯНАЯ КОМПАНИЯ «РОСНЕФТЬ»,1002100,"1 002,1",095,RU000A0JUCR3,08.12.2023
4B02-06-00122-A-001P,ПУБЛИЧНОЕ АКЦИОНЕРНОЕ ОБЩЕСТВО «НЕФТЯНАЯ КОМПАНИЯ «РОСНЕФТЬ»,993625,993625,095,RU000A0JXXD3,13.07.2027
4B02-06-00122-A-002P,ПУБЛИЧНОЕ АКЦИОНЕРНОЕ ОБЩЕСТВО «НЕФТЯНАЯ КОМПАНИЯ «РОСНЕФТЬ»,998000,998,095,RU000A1008P1,22.03.2029
4B02-07-00122-A,ПУБЛИЧНОЕ АКЦИОНЕРНОЕ ОБЩЕСТВО «НЕФТЯНАЯ КОМПАНИЯ «РОСНЕФТЬ»,1002000,1 002,095,RU000A0JUFV8,05.02.2024
4B02-07-00122-A-001P,ПУБЛИЧНОЕ АКЦИОНЕРНОЕ ОБЩЕСТВО «НЕФТЯНАЯ КОМПАНИЯ «РОСНЕФТЬ»,1000000,1 000,095,RU000A0JXXE1,13.07.2027
4B02-08-00122-A,ПУБЛИЧНОЕ АКЦИОНЕРНОЕ ОБЩЕСТВО «НЕФТЯНАЯ КОМПАНИЯ «РОСНЕФТЬ»,972033,972033,095,RU000A0JV201,27.11.2024
4B02-08-00122-A-001P,ПУБЛИЧНОЕ АКЦИОНЕРНОЕ ОБЩЕСТВО «НЕФТЯНАЯ КОМПАНИЯ «РОСНЕФТЬ»,989000,989,095,RU000A0ZYCP5,29.09.2027
4B02-08-00122-A-002P,ПУБЛИЧНОЕ АКЦИОНЕРНОЕ ОБЩЕСТВО «НЕФТЯНАЯ КОМПАНИЯ «РОСНЕФТЬ»,985000,985,095,RU000A100KY3,29.06.2029
4B02-09-00122-A,ПУБЛИЧНОЕ АКЦИОНЕРНОЕ ОБЩЕСТВО «НЕФТЯНАЯ КОМПАНИЯ «РОСНЕФТЬ»,1019000,1 019,095,RU000A0JV219,27.11.2024
4B02-09-00122-A-002P,ПУБЛИЧНОЕ АКЦИОНЕРНОЕ ОБЩЕСТВО «НЕФТЯНАЯ КОМПАНИЯ «РОСНЕФТЬ»,986900,9869,095,RU000A100YQ0,10.10.2029
4B02-10-00122-A,ПУБЛИЧНОЕ АКЦИОНЕРНОЕ ОБЩЕСТВО «НЕФТЯНАЯ КОМПАНИЯ «РОСНЕФТЬ»,972033,972033,095,RU000A0JV235,27.11.2024
4B02-10-00122-A-002P,ПУБЛИЧНОЕ АКЦИОНЕРНОЕ ОБЩЕСТВО «НЕФТЯНАЯ КОМПАНИЯ «РОСНЕФТЬ»,930400,9304,095,RU000A101SF3,28.05.2030
4B02-11-00122-A,ПУБЛИЧНОЕ АКЦИОНЕРНОЕ ОБЩЕСТВО «НЕФТЯНАЯ КОМПАНИЯ «РОСНЕФТЬ»,995900,9959,095,RU000A0JV243,27.11.2024
4B02-11-00122-A-002P,ПУБЛИЧНОЕ АКЦИОНЕРНОЕ ОБЩЕСТВО «НЕФТЯНАЯ КОМПАНИЯ «РОСНЕФТЬ»,995000,"60 842,1605",09,RU000A103FC3,10.07.2031
4B02-12-00122-A,ПУБЛИЧНОЕ АКЦИОНЕРНОЕ ОБЩЕСТВО «НЕФТЯНАЯ КОМПАНИЯ «РОСНЕФТЬ»,995900,9959,095,RU000A0JV250,27.11.2024
4B02-13-00122-A,ПУБЛИЧНОЕ АКЦИОНЕРНОЕ ОБЩЕСТВО «НЕФТЯНАЯ КОМПАНИЯ «РОСНЕФТЬ»,995900,9959,095,RU000A0JV268,27.11.2024
4B02-14-00122-A,ПУБЛИЧНОЕ АКЦИОНЕРНОЕ ОБЩЕСТВО «НЕФТЯНАЯ КОМПАНИЯ «РОСНЕФТЬ»,980025,980025,095,RU000A0JV227,27.11.2024
4-22-65018-D,ПУБЛИЧНОЕ АКЦИОНЕРНОЕ ОБЩЕСТВО «ФЕДЕРАЛЬНАЯ СЕТЕВАЯ КОМПАНИЯ – РОССЕТИ»,1003000,1 003,095,RU000A0JSQ58,21.07.2027
4B02-01-65018-D-001P,ПУБЛИЧНОЕ АКЦИОНЕРНОЕ ОБЩЕСТВО «ФЕДЕРАЛЬНАЯ СЕТЕВАЯ КОМПАНИЯ – РОССЕТИ»,1001000,1 001,095,RU000A0ZZQN7,18.10.2023
4B02-02-55385-E-001P,ПУБЛИЧНОЕ АКЦИОНЕРНОЕ ОБЩЕСТВО «ФЕДЕРАЛЬНАЯ СЕТЕВАЯ КОМПАНИЯ – РОССЕТИ»,795385,795385,095,RU000A101MG4,23.04.2025
4B02-03-65018-D,ПУБЛИЧНОЕ АКЦИОНЕРНОЕ ОБЩЕСТВО «ФЕДЕРАЛЬНАЯ СЕТЕВАЯ КОМПАНИЯ – РОССЕТИ»,978000,978,095,RU000A0ZYDH0,05.09.2052
4B02-04-65018-D,ПУБЛИЧНОЕ АКЦИОНЕРНОЕ ОБЩЕСТВО «ФЕДЕРАЛЬНАЯ СЕТЕВАЯ КОМПАНИЯ – РОССЕТИ»,995600,9956,095,RU000A0ZYJ91,22.10.2052
4B02-04-65018-D-001P,ПУБЛИЧНОЕ АКЦИОНЕРНОЕ ОБЩЕСТВО «ФЕДЕРАЛЬНАЯ СЕТЕВАЯ КОМПАНИЯ – РОССЕТИ»,931800,9318,095,RU000A101CL5,29.12.2034
4B02-05-65018-D,ПУБЛИЧНОЕ АКЦИОНЕРНОЕ ОБЩЕСТВО «ФЕДЕРАЛЬНАЯ СЕТЕВАЯ КОМПАНИЯ – РОССЕТИ»,977100,9771,095,RU000A1056S4,10.08.2057
4B02-05-65018-D-001P,ПУБЛИЧНОЕ АКЦИОНЕРНОЕ ОБЩЕСТВО «ФЕДЕРАЛЬНАЯ СЕТЕВАЯ КОМПАНИЯ – РОССЕТИ»,889450,88945,095,RU000A101LX1,10.04.2035
4B02-06-65018-D-001P,ПУБЛИЧНОЕ АКЦИОНЕРНОЕ ОБЩЕСТВО «ФЕДЕРАЛЬНАЯ СЕТЕВАЯ КОМПАНИЯ – РОССЕТИ»,999100,9991,095,RU000A105559,18.08.2032
4B02-07-65018-D,ПУБЛИЧНОЕ АКЦИОНЕРНОЕ ОБЩЕСТВО «ФЕДЕРАЛЬНАЯ СЕТЕВАЯ КОМПАНИЯ – РОССЕТИ»,1000000,1 000,095,RU000A105DR1,25.09.2057
4B02-01-00008-T-001P,"ФГУП ""РОСМОРПОРТ""",950100,712575,095,RU000A1029A9,17.10.2023
"Долговые эмиссионные ценные бумаги, выпущенные юридическими лицами – нерезидентами Российской Федерации за пределами Российской Федерации","Долговые эмиссионные ценные бумаги, выпущенные юридическими лицами – нерезидентами Российской Федерации за пределами Российской Федерации","Долговые эмиссионные ценные бумаги, выпущенные юридическими лицами – нерезидентами Российской Федерации за пределами Российской Федерации","Долговые эмиссионные ценные бумаги, выпущенные юридическими лицами – нерезидентами Российской Федерации за пределами Российской Федерации","Долговые эмиссионные ценные бумаги, выпущенные юридическими лицами – нерезидентами Российской Федерации за пределами Российской Федерации","Долговые эмиссионные ценные бумаги, выпущенные юридическими лицами – нерезидентами Российской Федерации за пределами Российской Федерации",
XS1843441731,ALROSA FINANCE S.A.,887200,"54 250,41688",09,XS1843441731,08.04.2024
XS2010030919,ALROSA FINANCE S.A.,936364,"57 256,6922356",09,XS2010030919,24.06.2027
XS2060792236,CELTIC RESOURCES HOLDINGS DAC,1000657,"61 188,0741703",09,XS2060792236,08.10.2024
XS2278534099,DME AIRPORT DAC,955207,"58 408,9021153",09,XS2278534099,07.02.2028
XS1961080501,EUROCHEM FINANCE DAC,1031423,"63 069,3504617",085,XS1961080501,12.03.2024
XS1533915721,EVRAZ GROUP S.A.,1022932,"62 550,1436428",09,XS1533915721,19.03.2023
XS1843443273,EVRAZ PLC,1024847,"62 667,2418713",09,XS1843443273,01.04.2024
CH0404311711,GAZ CAPITAL S.A.,876217,"283 786,0952005",09,CH0404311711,05.03.2023
XS0191754729,GAZ CAPITAL S.A.,1289663,"78 860,1841577",09,XS0191754729,27.04.2034
XS0316524130,GAZ CAPITAL S.A.,1196076,"73 137,5356404",09,XS0316524130,15.08.2037
XS0885736925,GAZ CAPITAL S.A.,1009153,"61 707,5867287",09,XS0885736925,05.02.2028
XS0906949523,GAZ CAPITAL S.A.,1039144,"66 326,3793176",09,XS0906949523,20.03.2025
XS1521039054,GAZ CAPITAL S.A.,1005808,"64 198,6124432",09,XS1521039054,16.11.2023
XS1585190389,GAZ CAPITAL S.A.,1015799,"62 113,9756721",09,XS1585190389,22.03.2027
XS1721463500,GAZ CAPITAL S.A.,981421,"62 642,0414459",09,XS1721463500,21.11.2024
XS1795409082,GAZ CAPITAL S.A.,975593,"62 270,0524447",09,XS1795409082,20.03.2026
XS1911645049,GAZ CAPITAL S.A.,999724,"63 810,2834996",09,XS1911645049,23.01.2024
XS1951084471,GAZ CAPITAL S.A.,1020905,"62 426,1968495",09,XS1951084471,10.02.2026
CH1120085688,GAZ FINANCE PLC,838088,"271 437,008132",09,CH1120085688,29.06.2027
XS2124187571,GAZ FINANCE PLC,900582,"55 068,6980778",09,XS2124187571,24.02.2030
XS2157526315,GAZ FINANCE PLC,994724,"63 491,1439996",09,XS2157526315,14.04.2025
XS2196334671,GAZ FINANCE PLC,928595,"56 781,6342005",09,XS2196334671,28.06.2027
XS2291819980,GAZ FINANCE PLC,899700,"55 014,76563",09,XS2291819980,26.01.2029
XS2301292400,GAZ FINANCE PLC,912792,"58 261,5964968",09,XS2301292400,16.02.2027
XS2363250833,GAZ FINANCE PLC,898520,"54 942,611108",09,XS2363250833,13.07.2031
XS2408033210,GAZ FINANCE PLC,762543,"48 671,5183497",09,XS2408033210,16.11.2028
XS1405775450,GLOBAL PORTS,1001903,"61 264,2644537",09,XS1405775450,21.09.2023
XS1713473608,GTLK EUROPE CAPITAL DAC,986438,"60 318,6121802",09,XS1713473608,16.04.2025
XS2010044381,GTLK EUROPE CAPITAL DAC,954047,"58 337,9705513",09,XS2010044381,17.02.2026
XS2131995958,GTLK EUROPE CAPITAL DAC,918012,"56 134,5059748",09,XS2131995958,09.03.2027
XS2249778247,GTLK EUROPE CAPITAL DAC,826091,"50 513,7298589",09,XS2249778247,25.02.2028
XS1577961516,GTLK EUROPE LIMITED,989797,"60 524,0079763",09,XS1577961516,30.05.2024
XS2401571448,LUKOIL CAPITAL DAC,834393,"51 021,3797247",09,XS2401571448,25.04.2027
XS2401571521,LUKOIL CAPITAL DAC,805975,"49 283,6787025",09,XS2401571521,25.10.2031
XS0919504562,LUKOIL INTERNATIONAL FINANCE B.V.,1015335,"62 085,6030465",09,XS0919504562,23.04.2023
XS1514045886,LUKOIL INTERNATIONAL FINANCE B.V.,1020757,"62 417,1469603",09,XS1514045886,01.11.2026
XS2159874002,LUKOIL SECURITIES B.V.,758623,"46 388,2033417",09,XS2159874002,05.05.2030
XS2400040973,METALLOINVEST FINANCE DESIGNATED ACTIVITY COMPANY,765679,"46 819,6629241",09,XS2400040973,21.10.2028
XS2069992258,MMC FINANCE DAC,992478,"60 687,9454962",09,XS2069992258,27.10.2024
XS2134628069,MMC FINANCE DAC,828466,"50 658,9561214",09,XS2134628069,10.09.2025
XS2393505008,MMC FINANCE DAC,806378,"49 308,3213062",09,XS2393505008,26.10.2026
XS1589324075,MMC FINANCE LIMITED,1012474,"61 910,6589046",09,XS1589324075,10.04.2023
XS1843434959,MMK INTERNATIONAL CAPITAL DAC,1018959,"62 307,2030361",09,XS1843434959,12.06.2024
XS0921331509,MTS INTERNATIONAL FUNDING LTD,1024610,"62 652,749819",09,XS0921331509,29.05.2023
XS1752568144,PHOSAGRO BOND FUNDING DESIGNATED ACTIVITY COMPANY,1010644,"61 798,7582476",09,XS1752568144,23.04.2023
XS2099039542,PHOSAGRO BOND FUNDING DESIGNATED ACTIVITY COMPANY,973188,"59 508,4025052",09,XS2099039542,22.01.2025
XS2384719402,PHOSAGRO BOND FUNDING DESIGNATED ACTIVITY COMPANY,783062,"47 882,5968698",09,XS2384719402,15.09.2028
XS1533922933,POLYUS FINANCE PLC,1018872,"62 301,8831688",09,XS1533922933,06.02.2023
XS1713474325,POLYUS FINANCE PLC,1019741,"62 355,0206939",09,XS1713474325,28.01.2024
XS2396900685,POLYUS FINANCE PLC,775931,"47 446,5511949",09,XS2396900685,13.10.2028
XS2082937967,RUSHYDRO CAPITAL MARKETS DAC,931892,"93 189,2",095,XS2082937967,24.11.2024
CH0419041618,RZD CAPITAL PLC,819657,"265 467,6403605",09,CH0419041618,02.10.2025
CH0419041634,RZD CAPITAL PLC,767821,"248 679,1781065",09,CH0419041634,02.04.2028
XS0609017917,RZD CAPITAL PLC,1227167,"89 386,1079798",09,XS0609017917,24.03.2031
XS1041815116,RZD CAPITAL PLC,1025966,"65 485,2552514",09,XS1041815116,05.03.2023
XS1502188375,RZD CAPITAL PLC,982530,98 253,095,XS1502188375,06.10.2023
XS1574068844,RZD CAPITAL PLC,1013056,"61 946,2469824",09,XS1574068844,29.02.2024
XS1574787294,RZD CAPITAL PLC,968002,"96 800,2",095,XS1574787294,02.03.2024
XS1701384494,RZD CAPITAL PLC,933564,"93 356,4",095,XS1701384494,18.10.2024
XS1843437036,RZD CAPITAL PLC,851256,"54 333,8828424",09,XS1843437036,22.05.2027
XS1843442465,RZD CAPITAL PLC,854913,"85 491,3",095,XS1843442465,03.10.2025
XS2271376498,RZD CAPITAL PLC,802403,"80 240,3",095,XS2271376498,01.03.2028
XS2318748956,RZD CAPITAL PLC,700755,"70 075,5",095,XS2318748956,17.09.2028
XS1433454243,SCF CAPITAL LIMITED,1030846,"63 034,0681234",09,XS1433454243,15.06.2023
XS2325559396,SCF CAPITAL LIMITED,831212,"50 826,8682548",09,XS2325559396,25.04.2028
XS2010044621,SIBUR SECURITIES DAC,992387,"60 682,3810373",09,XS2010044621,22.09.2024
XS2199713384,SIBUR SECURITIES DAC,968021,"59 192,4513059",09,XS2199713384,07.07.2025
XS1693971043,SIBUR SECURITIES LIMITED,1009643,"61 737,5491997",09,XS1693971043,04.10.2023
XS2046736919,STEEL CAPITAL S.A.,984676,"60 210,8695804",09,XS2046736919,15.09.2024
XS1843435337,STEEL FUNDING DAC,1028735,"62 904,9849065",09,XS1843435337,29.05.2026
XS2346922755,STEEL FUNDING DAC,840910,"53 673,519389",09,XS2346922755,01.06.2026
XS1405775617,STEEL FUNDING LIMITED,1023729,"62 598,8785191",09,XS1405775617,14.06.2023
XS1577953174,STEEL FUNDING LIMITED,1015676,"62 106,4544804",09,XS1577953174,20.09.2024
XS2384174228,SUEK SECURITIES DAC,868684,"53 118,2023636",085,XS2384174228,14.09.2026
XS2010040397,URALKALI FINANCE DAC,802466,"49 069,1107214",085,XS2010040397,21.10.2024
XS0893212398,VEB FINANCE LIMITED,1007166,"64 285,2907314",09,XS0893212398,20.02.2023
XS0559915961,VEB FINANCE PLC,1058331,"64 714,7181549",09,XS0559915961,21.11.2025
XS0993162683,VEB FINANCE PLC,1019497,"62 340,1006063",09,XS0993162683,20.11.2023
XS1400710726,VEON HOLDINGS,1034608,"63 264,1065232",09,XS1400710726,25.04.2023
XS1625994618,VEON HOLDINGS,885643,"54 155,2095997",09,XS1625994618,15.06.2024
XS2058691663,VEON HOLDINGS,982587,"60 083,1316173",09,XS2058691663,08.04.2025
XS2184900186,VEON HOLDINGS,852501,"85 250,1",095,XS2184900186,17.06.2025
XS2226716392,VEON HOLDINGS,845618,"84 561,8",095,XS2226716392,10.09.2025
XS2252958751,VEON HOLDINGS,790591,"48 342,9794089",09,XS2252958751,24.11.2027
XS2343532508,VEON HOLDINGS,863510,86 351,095,XS2343532508,15.09.2026
XS0889401724,VIMPELCOM HOLDINGS B.V.,1023708,"62 597,5944132",09,XS0889401724,12.02.2023
